,GAME_ID,TEAM_ID,TEAM_NAME,TEAM_ABBREVIATION,TEAM_CITY,MIN,E_OFF_RATING,OFF_RATING,E_DEF_RATING,DEF_RATING,E_NET_RATING,NET_RATING,AST_PCT,AST_TOV,AST_RATIO,OREB_PCT,DREB_PCT,REB_PCT,E_TM_TOV_PCT,TM_TOV_PCT,EFG_PCT,TS_PCT,USG_PCT,E_USG_PCT,E_PACE,PACE,PACE_PER40,POSS,PIE,Date
0,22100001.0,1610612749.0,Bucks,MIL,Milwaukee,240:00:00,117.7,124.5,101.8,102.0,15.8,22.5,0.521,3.13,17.1,0.293,0.8240000000000001,0.541,7.4129999999999985,7.8,0.5379999999999999,0.562,1.0,0.19399999999999998,105.02,102.0,85.0,102.0,0.593,2021-10-19
1,22100001.0,1610612751.0,Nets,BKN,Brooklyn,240:00:00,101.8,102.0,117.7,124.5,-15.8,-22.5,0.514,1.46,15.1,0.17600000000000002,0.7070000000000001,0.45899999999999996,12.73,12.7,0.542,0.552,1.0,0.2,105.02,102.0,85.0,102.0,0.40700000000000003,2021-10-19
2,22100002.0,1610612747.0,Lakers,LAL,Los Angeles,240:00:00,98.0,101.8,106.0,107.1,-8.0,-5.3,0.467,1.17,14.8,0.18899999999999997,0.759,0.47700000000000004,15.469000000000001,16.1,0.5529999999999999,0.551,1.0,0.198,115.28,112.5,93.75,112.0,0.42200000000000004,2021-10-19
3,22100002.0,1610612744.0,Warriors,GSW,Golden State,240:00:00,106.0,107.1,98.0,101.8,8.0,5.3,0.732,1.76,19.6,0.24100000000000002,0.8109999999999999,0.523,14.886,15.0,0.516,0.57,1.0,0.2,115.28,112.5,93.75,113.0,0.578,2021-10-19
4,22100003.0,1610612754.0,Pacers,IND,Indiana,240:00:00,111.4,114.0,107.1,116.0,4.3,-2.0,0.69,1.71,19.8,0.255,0.667,0.48700000000000004,15.517000000000001,15.9,0.561,0.607,1.0,0.19899999999999998,112.22,106.5,88.75,107.0,0.52,2021-10-20
5,22100003.0,1610612766.0,Hornets,CHA,Charlotte,240:00:00,107.1,116.0,111.4,114.0,-4.3,2.0,0.63,3.63,18.6,0.33299999999999996,0.745,0.513,6.9639999999999995,7.5,0.491,0.517,1.0,0.2,112.22,106.5,88.75,106.0,0.48,2021-10-20
6,22100004.0,1610612765.0,Pistons,DET,Detroit,240:00:00,86.5,89.8,93.4,95.9,-6.9,-6.1,0.47200000000000003,1.0,13.1,0.263,0.74,0.486,16.713,17.3,0.433,0.46,1.0,0.195,101.16,98.0,81.67,98.0,0.455,2021-10-20
7,22100004.0,1610612741.0,Bulls,CHI,Chicago,240:00:00,93.4,95.9,86.5,89.8,6.9,6.1,0.486,1.06,14.1,0.26,0.737,0.514,16.899,17.3,0.47100000000000003,0.508,1.0,0.19899999999999998,101.16,98.0,81.67,98.0,0.545,2021-10-20
8,22100005.0,1610612752.0,Knicks,NYK,New York,290:00:00,107.1,110.4,103.0,108.1,4.1,2.3,0.529,1.42,16.6,0.281,0.7040000000000001,0.516,14.742,15.2,0.5670000000000001,0.59,1.0,0.19699999999999998,107.17,103.03,85.86,125.0,0.521,2021-10-20
9,22100005.0,1610612738.0,Celtics,BOS,Boston,290:00:00,103.0,108.1,107.1,110.4,-4.1,-2.3,0.708,1.89,19.0,0.29600000000000004,0.7190000000000001,0.484,13.833,14.5,0.5,0.527,1.0,0.198,107.17,103.03,85.86,124.0,0.479,2021-10-20
10,22100006.0,1610612764.0,Wizards,WAS,Washington,240:00:00,91.2,92.5,77.8,77.6,13.4,14.9,0.556,0.91,14.9,0.2,0.696,0.5,20.477,20.8,0.475,0.53,1.0,0.19699999999999998,107.06,106.5,88.75,106.0,0.7,2021-10-20
11,22100006.0,1610612761.0,Raptors,TOR,Toronto,240:00:00,77.8,77.6,91.2,92.5,-13.4,-14.9,0.467,0.74,10.0,0.304,0.8,0.5,17.81,17.8,0.345,0.389,1.0,0.201,107.06,106.5,88.75,107.0,0.3,2021-10-20
12,22100007.0,1610612763.0,Grizzlies,MEM,Memphis,240:00:00,126.6,125.7,115.3,116.3,11.3,9.4,0.528,2.33,19.3,0.34,0.8370000000000001,0.594,11.507,11.4,0.6,0.627,1.0,0.196,104.6,104.5,87.08,105.0,0.544,2021-10-20
13,22100007.0,1610612739.0,Cavaliers,CLE,Cleveland,240:00:00,115.3,116.3,126.6,125.7,-11.3,-9.4,0.809,3.45,25.3,0.163,0.66,0.406,10.484000000000002,10.6,0.581,0.599,1.0,0.195,104.6,104.5,87.08,104.0,0.456,2021-10-20
14,22100008.0,1610612750.0,Timberwolves,MIN,Minnesota,240:00:00,117.4,114.8,96.6,98.1,20.7,16.7,0.619,1.44,18.0,0.292,0.6859999999999999,0.495,17.039,16.7,0.575,0.616,1.0,0.20199999999999999,107.66,108.0,90.0,108.0,0.627,2021-10-20
15,22100008.0,1610612745.0,Rockets,HOU,Houston,240:00:00,96.6,98.1,117.4,114.8,-20.7,-16.7,0.525,0.88,14.7,0.314,0.708,0.505,21.881999999999998,22.2,0.517,0.5429999999999999,1.0,0.201,107.66,108.0,90.0,108.0,0.373,2021-10-20
16,22100009.0,1610612755.0,76ers,PHI,Philadelphia,240:00:00,116.1,118.2,96.1,98.0,20.0,20.2,0.545,1.85,18.3,0.205,0.764,0.515,12.897,13.1,0.594,0.624,1.0,0.19899999999999998,100.88,99.0,82.5,99.0,0.6,2021-10-20
17,22100009.0,1610612740.0,Pelicans,NOP,New Orleans,240:00:00,96.1,98.0,116.1,118.2,-20.0,-20.2,0.718,2.0,20.1,0.23600000000000002,0.795,0.485,13.867,14.1,0.489,0.5,1.0,0.196,100.88,99.0,82.5,99.0,0.4,2021-10-20
18,22100010.0,1610612759.0,Spurs,SAS,San Antonio,240:00:00,121.9,128.1,97.9,102.1,24.0,26.0,0.653,4.0,21.9,0.385,0.66,0.524,7.9270000000000005,8.3,0.5660000000000001,0.581,1.0,0.2,100.02,95.5,79.58,96.0,0.629,2021-10-20
19,22100010.0,1610612753.0,Magic,ORL,Orlando,240:00:00,97.9,102.1,121.9,128.1,-24.0,-26.0,0.486,1.06,13.2,0.34,0.615,0.47600000000000003,16.142,16.8,0.45899999999999996,0.505,1.0,0.2,100.02,95.5,79.58,95.0,0.371,2021-10-20
20,22100011.0,1610612762.0,Jazz,UTA,Utah,240:00:00,111.9,111.5,86.9,90.5,25.0,20.9,0.45,1.8,14.3,0.275,0.705,0.509,10.46,10.4,0.516,0.5479999999999999,1.0,0.19899999999999998,97.26,95.5,79.58,96.0,0.627,2021-10-20
21,22100011.0,1610612760.0,Thunder,OKC,Oklahoma City,240:00:00,86.9,90.5,111.9,111.5,-25.0,-20.9,0.5589999999999999,1.27,14.3,0.295,0.725,0.491,15.164000000000001,15.8,0.41200000000000003,0.435,1.0,0.19699999999999998,97.26,95.5,79.58,95.0,0.373,2021-10-20
22,22100012.0,1610612756.0,Suns,PHX,Phoenix,240:00:00,96.6,97.0,110.0,108.9,-13.5,-11.9,0.639,1.28,17.0,0.259,0.8290000000000001,0.505,17.737000000000005,17.8,0.494,0.519,1.0,0.201,100.72,101.0,84.17,101.0,0.428,2021-10-20
23,22100012.0,1610612743.0,Nuggets,DEN,Denver,240:00:00,110.0,108.9,96.6,97.0,13.5,11.9,0.568,1.32,19.1,0.171,0.741,0.495,19.008,18.8,0.633,0.632,1.0,0.196,100.72,101.0,84.17,101.0,0.5720000000000001,2021-10-20
24,22100013.0,1610612758.0,Kings,SAC,Sacramento,240:00:00,115.1,117.0,113.4,114.2,1.6,2.8,0.5710000000000001,2.4,17.3,0.204,0.755,0.466,9.28,9.4,0.5489999999999999,0.5920000000000001,1.0,0.2,107.22,106.0,88.33,106.0,0.49,2021-10-20
25,22100013.0,1610612757.0,Trail Blazers,POR,Portland,240:00:00,113.4,114.2,115.1,117.0,-1.6,-2.8,0.556,1.92,17.8,0.245,0.7959999999999999,0.534,12.186,12.3,0.5479999999999999,0.589,1.0,0.19899999999999998,107.22,106.0,88.33,106.0,0.51,2021-10-20
26,22100014.0,1610612742.0,Mavericks,DAL,Dallas,240:00:00,83.9,83.7,107.7,108.7,-23.8,-25.0,0.516,1.07,12.3,0.19,0.84,0.478,14.462,14.4,0.40299999999999997,0.441,1.0,0.2,104.34,104.0,86.67,104.0,0.307,2021-10-21
27,22100014.0,1610612737.0,Hawks,ATL,Atlanta,240:00:00,107.7,108.7,83.9,83.7,23.8,25.0,0.6890000000000001,2.38,21.8,0.16,0.81,0.522,12.386,12.5,0.5589999999999999,0.5770000000000001,1.0,0.198,104.34,104.0,86.67,104.0,0.693,2021-10-21
28,22100015.0,1610612749.0,Bucks,MIL,Milwaukee,240:00:00,89.0,90.5,125.0,128.0,-36.0,-37.6,0.594,1.27,14.5,0.107,0.698,0.39399999999999996,14.05,14.3,0.452,0.491,1.0,0.19899999999999998,108.2,106.0,88.33,105.0,0.282,2021-10-21
29,22100015.0,1610612748.0,Heat,MIA,Miami,240:00:00,125.0,128.0,89.0,90.5,36.0,37.6,0.5489999999999999,2.55,18.8,0.302,0.893,0.606,10.033,10.3,0.609,0.625,1.0,0.19899999999999998,108.2,106.0,88.33,107.0,0.718,2021-10-21
30,22100016.0,1610612746.0,Clippers,LAC,LA,240:00:00,108.4,108.7,110.9,112.7,-2.5,-4.1,0.5710000000000001,3.43,17.6,0.207,0.727,0.431,6.715,6.7,0.51,0.537,1.0,0.2,103.96,103.0,85.83,104.0,0.455,2021-10-21
31,22100016.0,1610612744.0,Warriors,GSW,Golden State,240:00:00,110.9,112.7,108.4,108.7,2.5,4.1,0.628,1.29,19.2,0.273,0.7929999999999999,0.569,20.255,20.6,0.608,0.62,1.0,0.201,103.96,103.0,85.83,102.0,0.545,2021-10-21
32,22100017.0,1610612739.0,Cavaliers,CLE,Cleveland,240:00:00,106.9,105.7,116.6,116.0,-9.7,-10.4,0.605,1.37,18.9,0.18600000000000005,0.705,0.44799999999999995,18.13,17.9,0.565,0.603,1.0,0.19899999999999998,105.14,106.0,88.33,106.0,0.444,2021-10-22
33,22100017.0,1610612766.0,Hornets,CHA,Charlotte,240:00:00,116.6,116.0,106.9,105.7,9.7,10.4,0.667,1.78,21.6,0.295,0.8140000000000001,0.552,17.065,17.0,0.599,0.624,1.0,0.201,105.14,106.0,88.33,106.0,0.556,2021-10-22
34,22100018.0,1610612753.0,Magic,ORL,Orlando,240:00:00,96.4,99.0,120.4,123.5,-24.0,-24.5,0.727,1.26,18.1,0.24,0.8,0.52,19.076,19.6,0.5,0.536,1.0,0.19699999999999998,100.04,97.5,81.25,97.0,0.397,2021-10-22
35,22100018.0,1610612752.0,Knicks,NYK,New York,240:00:00,120.4,123.5,96.4,99.0,24.0,24.5,0.773,3.09,24.2,0.2,0.76,0.48,10.947000000000001,11.2,0.636,0.634,1.0,0.19899999999999998,100.04,97.5,81.25,98.0,0.603,2021-10-22
36,22100019.0,1610612764.0,Wizards,WAS,Washington,265:00:00,128.1,128.6,120.9,127.6,7.2,1.0,0.49,2.67,17.7,0.17800000000000002,0.7140000000000001,0.457,8.542,8.6,0.622,0.659,1.0,0.198,97.88,95.09,79.25,105.0,0.503,2021-10-22
37,22100019.0,1610612754.0,Pacers,IND,Indiana,265:00:00,120.9,127.6,128.1,128.6,-7.2,-1.0,0.5379999999999999,2.33,19.2,0.28600000000000003,0.8220000000000001,0.5429999999999999,10.83,11.4,0.613,0.633,1.0,0.19899999999999998,97.88,95.09,79.25,105.0,0.4970000000000001,2021-10-22
38,22100020.0,1610612761.0,Raptors,TOR,Toronto,240:00:00,114.7,113.9,81.5,82.2,33.2,31.7,0.524,1.83,15.4,0.397,0.769,0.573,11.970999999999998,11.9,0.47,0.526,1.0,0.2,101.04,101.0,84.17,101.0,0.693,2021-10-22
39,22100020.0,1610612738.0,Celtics,BOS,Boston,240:00:00,81.5,82.2,114.7,113.9,-33.2,-31.7,0.594,0.76,14.5,0.231,0.603,0.4270000000000001,24.548000000000002,24.8,0.457,0.478,1.0,0.198,101.04,101.0,84.17,101.0,0.307,2021-10-22
40,22100021.0,1610612755.0,76ers,PHI,Philadelphia,240:00:00,108.1,112.4,113.4,117.5,-5.3,-5.2,0.395,1.7,13.8,0.22399999999999998,0.66,0.43799999999999994,9.917,10.3,0.5489999999999999,0.569,1.0,0.19699999999999998,100.7,97.0,80.83,97.0,0.449,2021-10-22
41,22100021.0,1610612751.0,Nets,BKN,Brooklyn,240:00:00,113.4,117.5,108.1,112.4,5.3,5.2,0.634,2.0,18.9,0.34,0.7759999999999999,0.563,12.927999999999999,13.4,0.534,0.578,1.0,0.19699999999999998,100.7,97.0,80.83,97.0,0.551,2021-10-22
42,22100022.0,1610612740.0,Pelicans,NOP,New Orleans,240:00:00,109.8,108.7,124.3,124.3,-14.5,-15.5,0.619,1.53,19.0,0.213,0.733,0.467,16.66,16.5,0.569,0.595,1.0,0.198,102.52,103.0,85.83,103.0,0.42,2021-10-22
43,22100022.0,1610612741.0,Bulls,CHI,Chicago,240:00:00,124.3,124.3,109.8,108.7,14.5,15.5,0.6809999999999999,2.29,21.9,0.267,0.787,0.5329999999999999,13.592,13.6,0.607,0.64,1.0,0.198,102.52,103.0,85.83,103.0,0.58,2021-10-22
44,22100023.0,1610612760.0,Thunder,OKC,Oklahoma City,240:00:00,83.5,88.3,114.6,118.1,-31.2,-29.7,0.647,1.16,15.8,0.226,0.68,0.429,17.425,18.4,0.451,0.46399999999999997,1.0,0.2,108.6,104.0,86.67,103.0,0.29100000000000004,2021-10-22
45,22100023.0,1610612745.0,Rockets,HOU,Houston,240:00:00,114.6,118.1,83.5,88.3,31.2,29.7,0.604,1.71,19.7,0.32,0.774,0.5710000000000001,15.717,16.2,0.595,0.613,1.0,0.198,108.6,104.0,86.67,105.0,0.7090000000000001,2021-10-22
46,22100024.0,1610612759.0,Spurs,SAS,San Antonio,240:00:00,93.1,94.1,99.5,99.0,-6.4,-4.9,0.6,1.2,17.9,0.205,0.773,0.489,19.387,19.6,0.512,0.532,1.0,0.2,102.84,102.5,85.42,102.0,0.48100000000000004,2021-10-22
47,22100024.0,1610612743.0,Nuggets,DEN,Denver,240:00:00,99.5,99.0,93.1,94.1,6.4,4.9,0.591,1.24,19.0,0.22699999999999998,0.795,0.511,20.484,20.4,0.564,0.57,1.0,0.19899999999999998,102.84,102.5,85.42,103.0,0.519,2021-10-22
48,22100025.0,1610612756.0,Suns,PHX,Phoenix,240:00:00,111.3,112.7,102.2,105.0,9.1,7.7,0.738,2.58,21.9,0.217,0.732,0.5,11.614,11.8,0.547,0.585,1.0,0.19399999999999998,103.04,101.0,84.17,102.0,0.594,2021-10-22
49,22100025.0,1610612747.0,Lakers,LAL,Los Angeles,240:00:00,102.2,105.0,111.3,112.7,-9.1,-7.7,0.735,1.56,17.9,0.268,0.7829999999999999,0.5,15.57,16.0,0.483,0.532,1.0,0.2,103.04,101.0,84.17,100.0,0.406,2021-10-22
50,22100026.0,1610612762.0,Jazz,UTA,Utah,240:00:00,103.7,106.8,94.2,98.1,9.5,8.7,0.4320000000000001,0.84,11.8,0.33299999999999996,0.6559999999999999,0.504,17.904,18.4,0.5,0.5489999999999999,1.0,0.196,106.68,103.0,85.83,103.0,0.542,2021-10-22
51,22100026.0,1610612758.0,Kings,SAC,Sacramento,240:00:00,94.2,98.1,103.7,106.8,-9.5,-8.7,0.513,1.33,14.0,0.344,0.667,0.496,13.987,14.6,0.434,0.467,1.0,0.198,106.68,103.0,85.83,103.0,0.45799999999999996,2021-10-22
52,22100027.0,1610612739.0,Cavaliers,CLE,Cleveland,240:00:00,102.1,104.1,97.3,97.9,4.8,6.2,0.622,2.3,17.2,0.268,0.6829999999999999,0.48700000000000004,10.113,10.3,0.455,0.501,1.0,0.2,98.24,97.0,80.83,97.0,0.585,2021-10-23
53,22100027.0,1610612737.0,Hawks,ATL,Atlanta,240:00:00,97.3,97.9,102.1,104.1,-4.8,-6.2,0.526,2.22,14.9,0.317,0.732,0.513,9.221,9.3,0.434,0.45,1.0,0.201,98.24,97.0,80.83,97.0,0.415,2021-10-23
54,22100028.0,1610612748.0,Heat,MIA,Miami,265:00:00,83.4,84.3,94.2,96.2,-10.9,-12.0,0.514,0.82,13.1,0.263,0.738,0.508,20.154,20.4,0.434,0.46799999999999997,1.0,0.198,98.45,96.91,80.75,108.0,0.41700000000000004,2021-10-23
55,22100028.0,1610612754.0,Pacers,IND,Indiana,265:00:00,94.2,96.2,83.4,84.3,10.9,12.0,0.474,1.13,12.8,0.262,0.737,0.4920000000000001,14.782,15.1,0.44299999999999995,0.48,1.0,0.198,98.45,96.91,80.75,106.0,0.583,2021-10-23
56,22100029.0,1610612761.0,Raptors,TOR,Toronto,240:00:00,98.8,102.2,108.5,110.8,-9.7,-8.6,0.5,1.42,13.7,0.29100000000000004,0.7070000000000001,0.504,12.484000000000002,12.9,0.465,0.499,1.0,0.2,95.52,93.0,77.5,93.0,0.445,2021-10-23
57,22100029.0,1610612742.0,Mavericks,DAL,Dallas,240:00:00,108.5,110.8,98.8,102.2,9.7,8.6,0.632,2.67,18.2,0.293,0.7090000000000001,0.496,9.482000000000001,9.7,0.495,0.521,1.0,0.2,95.52,93.0,77.5,93.0,0.555,2021-10-23
58,22100030.0,1610612765.0,Pistons,DET,Detroit,240:00:00,76.9,82.0,94.8,95.1,-17.8,-13.1,0.41200000000000003,0.61,10.6,0.28600000000000003,0.86,0.557,21.576,23.0,0.415,0.433,1.0,0.192,104.48,101.0,84.17,100.0,0.366,2021-10-23
59,22100030.0,1610612741.0,Bulls,CHI,Chicago,240:00:00,94.8,95.1,76.9,82.0,17.8,13.1,0.6859999999999999,1.85,18.6,0.14,0.7140000000000001,0.44299999999999995,12.7,12.7,0.48200000000000004,0.525,1.0,0.19899999999999998,104.48,101.0,84.17,102.0,0.634,2021-10-23
60,22100031.0,1610612740.0,Pelicans,NOP,New Orleans,240:00:00,82.3,84.8,89.4,90.6,-7.1,-5.8,0.484,0.5,10.4,0.41,0.7120000000000001,0.5579999999999999,27.747,28.6,0.39899999999999997,0.449,1.0,0.195,107.76,105.5,87.92,105.0,0.428,2021-10-23
61,22100031.0,1610612750.0,Timberwolves,MIN,Minnesota,240:00:00,89.4,90.6,82.3,84.8,7.1,5.8,0.564,1.1,15.4,0.28800000000000003,0.59,0.442,18.622,18.9,0.469,0.478,1.0,0.198,107.76,105.5,87.92,106.0,0.5720000000000001,2021-10-23
62,22100032.0,1610612759.0,Spurs,SAS,San Antonio,240:00:00,106.1,107.8,112.4,117.5,-6.3,-9.7,0.604,2.23,20.2,0.26899999999999996,0.7440000000000001,0.473,12.424000000000001,12.6,0.535,0.546,1.0,0.19699999999999998,106.16,103.0,85.83,103.0,0.479,2021-10-23
63,22100032.0,1610612749.0,Bucks,MIL,Milwaukee,240:00:00,112.4,117.5,106.1,107.8,6.3,9.7,0.47700000000000004,0.95,15.5,0.256,0.731,0.527,20.430999999999997,21.4,0.62,0.653,1.0,0.19,106.16,103.0,85.83,103.0,0.521,2021-10-23
64,22100033.0,1610612757.0,Trail Blazers,POR,Portland,240:00:00,130.8,131.4,102.3,102.9,28.4,28.4,0.47100000000000003,2.67,17.8,0.222,0.8370000000000001,0.5429999999999999,8.782,8.8,0.654,0.66,1.0,0.201,102.54,102.0,85.0,102.0,0.611,2021-10-23
65,22100033.0,1610612756.0,Suns,PHX,Phoenix,240:00:00,102.3,102.9,130.8,131.4,-28.4,-28.4,0.628,1.93,19.8,0.163,0.778,0.457,13.645,13.7,0.534,0.5489999999999999,1.0,0.201,102.54,102.0,85.0,102.0,0.389,2021-10-23
66,22100034.0,1610612763.0,Grizzlies,MEM,Memphis,240:00:00,121.2,121.2,114.6,116.3,6.6,4.9,0.619,2.36,18.8,0.327,0.69,0.523,11.110999999999999,11.1,0.55,0.594,1.0,0.2,99.24,98.5,82.08,99.0,0.536,2021-10-23
67,22100034.0,1610612746.0,Clippers,LAC,LA,240:00:00,114.6,116.3,121.2,121.2,-6.6,-4.9,0.535,3.29,16.9,0.31,0.6729999999999999,0.47700000000000004,7.037000000000001,7.1,0.5,0.535,1.0,0.201,99.24,98.5,82.08,98.0,0.46399999999999997,2021-10-23
68,22100035.0,1610612766.0,Hornets,CHA,Charlotte,240:00:00,106.4,109.9,94.7,93.1,11.6,16.8,0.605,2.17,18.5,0.26899999999999996,0.8,0.529,11.499,11.9,0.511,0.542,1.0,0.19899999999999998,102.32,101.5,84.58,101.0,0.5770000000000001,2021-10-24
69,22100035.0,1610612751.0,Nets,BKN,Brooklyn,240:00:00,94.7,93.1,106.4,109.9,-11.6,-16.8,0.474,1.06,14.1,0.2,0.731,0.47100000000000003,16.953,16.7,0.489,0.515,1.0,0.19899999999999998,102.32,101.5,84.58,102.0,0.423,2021-10-24
70,22100036.0,1610612753.0,Magic,ORL,Orlando,240:00:00,103.8,106.8,97.2,101.0,6.6,5.8,0.611,1.69,15.9,0.255,0.706,0.504,12.269,12.6,0.47700000000000004,0.534,1.0,0.198,106.48,103.0,85.83,103.0,0.556,2021-10-24
71,22100036.0,1610612752.0,Knicks,NYK,New York,240:00:00,97.2,101.0,103.8,106.8,-6.6,-5.8,0.541,1.67,14.0,0.294,0.745,0.496,11.215,11.7,0.435,0.46799999999999997,1.0,0.19699999999999998,106.48,103.0,85.83,103.0,0.444,2021-10-24
72,22100037.0,1610612745.0,Rockets,HOU,Houston,240:00:00,96.5,98.0,106.2,105.9,-9.7,-8.0,0.625,1.0,15.9,0.174,0.7959999999999999,0.495,19.889,20.2,0.52,0.5670000000000001,1.0,0.19899999999999998,100.68,100.0,83.33,99.0,0.44,2021-10-24
73,22100037.0,1610612738.0,Celtics,BOS,Boston,240:00:00,106.2,105.9,96.5,98.0,9.7,8.0,0.579,1.83,17.1,0.204,0.826,0.505,11.905,11.9,0.529,0.564,1.0,0.19899999999999998,100.68,100.0,83.33,101.0,0.56,2021-10-24
74,22100038.0,1610612755.0,76ers,PHI,Philadelphia,240:00:00,118.8,118.6,105.8,106.2,13.0,12.4,0.61,2.08,18.7,0.265,0.804,0.526,12.397,12.4,0.563,0.594,1.0,0.19899999999999998,97.08,97.0,80.83,97.0,0.52,2021-10-24
75,22100038.0,1610612760.0,Thunder,OKC,Oklahoma City,240:00:00,105.8,106.2,118.8,118.6,-13.0,-12.4,0.6,2.18,18.8,0.196,0.735,0.474,11.298,11.3,0.524,0.5579999999999999,1.0,0.201,97.08,97.0,80.83,97.0,0.48,2021-10-24
76,22100039.0,1610612758.0,Kings,SAC,Sacramento,240:00:00,106.2,105.9,118.3,119.0,-12.1,-13.1,0.619,1.37,19.0,0.27699999999999997,0.7090000000000001,0.51,18.864,18.8,0.5760000000000001,0.583,1.0,0.201,100.64,100.5,83.75,101.0,0.444,2021-10-24
77,22100039.0,1610612744.0,Warriors,GSW,Golden State,240:00:00,118.3,119.0,106.2,105.9,12.1,13.1,0.605,3.71,18.5,0.29100000000000004,0.723,0.49,6.961,7.0,0.51,0.5529999999999999,1.0,0.19899999999999998,100.64,100.5,83.75,100.0,0.556,2021-10-24
78,22100040.0,1610612763.0,Grizzlies,MEM,Memphis,240:00:00,110.4,116.8,119.0,118.6,-8.6,-1.8,0.556,1.47,16.7,0.439,0.738,0.5660000000000001,15.9,16.8,0.515,0.547,1.0,0.2,104.3,101.5,84.58,101.0,0.461,2021-10-24
79,22100040.0,1610612747.0,Lakers,LAL,Los Angeles,240:00:00,119.0,118.6,110.4,116.8,8.6,1.8,0.644,1.71,20.8,0.262,0.561,0.434,16.719,16.7,0.631,0.6459999999999999,1.0,0.201,104.3,101.5,84.58,102.0,0.539,2021-10-24
80,22100041.0,1610612766.0,Hornets,CHA,Charlotte,265:00:00,111.9,114.2,123.9,121.7,-12.0,-7.6,0.565,1.86,16.7,0.27399999999999997,0.755,0.496,12.14,12.4,0.539,0.5589999999999999,1.0,0.201,103.39,103.25,86.04,113.0,0.414,2021-10-25
81,22100041.0,1610612738.0,Celtics,BOS,Boston,265:00:00,123.9,121.7,111.9,114.2,12.0,7.6,0.66,2.75,21.0,0.245,0.726,0.504,10.619000000000002,10.4,0.589,0.625,1.0,0.2,103.39,103.25,86.04,115.0,0.586,2021-10-25
82,22100042.0,1610612749.0,Bucks,MIL,Milwaukee,240:00:00,112.6,113.3,104.3,101.9,8.3,11.5,0.585,1.71,17.6,0.152,0.72,0.44799999999999995,13.253,13.3,0.547,0.603,1.0,0.19699999999999998,105.06,106.0,88.33,105.0,0.578,2021-10-25
83,22100042.0,1610612754.0,Pacers,IND,Indiana,240:00:00,104.3,101.9,112.6,113.3,-8.3,-11.5,0.575,1.21,16.5,0.28,0.848,0.552,18.185,17.8,0.522,0.5589999999999999,1.0,0.201,105.06,106.0,88.33,107.0,0.423,2021-10-25
84,22100043.0,1610612765.0,Pistons,DET,Detroit,240:00:00,102.0,101.0,115.9,117.3,-13.9,-16.3,0.65,1.86,18.7,0.212,0.667,0.423,13.735999999999999,13.6,0.489,0.526,1.0,0.2,103.58,103.5,86.25,103.0,0.42100000000000004,2021-10-25
85,22100043.0,1610612737.0,Hawks,ATL,Atlanta,240:00:00,115.9,117.3,102.0,101.0,13.9,16.3,0.522,1.5,17.2,0.33299999999999996,0.7879999999999999,0.5770000000000001,15.203,15.4,0.578,0.615,1.0,0.196,103.58,103.5,86.25,104.0,0.579,2021-10-25
86,22100044.0,1610612764.0,Wizards,WAS,Washington,240:00:00,85.1,86.5,100.5,101.0,-15.4,-14.4,0.485,1.33,12.1,0.23800000000000002,0.852,0.521,11.342,11.5,0.395,0.434,1.0,0.2,104.64,103.5,86.25,104.0,0.395,2021-10-25
87,22100044.0,1610612751.0,Nets,BKN,Brooklyn,240:00:00,100.5,101.0,85.1,86.5,15.4,14.4,0.575,2.56,17.2,0.14800000000000002,0.762,0.479,8.697000000000001,8.7,0.479,0.512,1.0,0.19899999999999998,104.64,103.5,86.25,103.0,0.605,2021-10-25
88,22100045.0,1610612753.0,Magic,ORL,Orlando,240:00:00,88.8,90.9,109.9,110.3,-21.1,-19.4,0.636,1.17,16.4,0.255,0.7829999999999999,0.505,17.758,18.2,0.48100000000000004,0.504,1.0,0.19699999999999998,99.36,98.0,81.67,99.0,0.366,2021-10-25
89,22100045.0,1610612748.0,Heat,MIA,Miami,240:00:00,109.9,110.3,88.8,90.9,21.1,19.4,0.6829999999999999,2.55,20.8,0.217,0.745,0.495,11.298,11.3,0.506,0.561,1.0,0.19899999999999998,99.36,98.0,81.67,97.0,0.634,2021-10-25
90,22100046.0,1610612761.0,Raptors,TOR,Toronto,240:00:00,108.2,109.1,112.5,114.4,-4.3,-5.3,0.675,1.29,19.3,0.42200000000000004,0.857,0.632,21.041999999999998,21.2,0.5539999999999999,0.588,1.0,0.19899999999999998,99.24,98.0,81.67,99.0,0.49,2021-10-25
91,22100046.0,1610612741.0,Bulls,CHI,Chicago,240:00:00,112.5,114.4,108.2,109.1,4.3,5.3,0.615,1.85,18.8,0.14300000000000002,0.578,0.368,13.174000000000001,13.4,0.556,0.612,1.0,0.19899999999999998,99.24,98.0,81.67,97.0,0.51,2021-10-25
92,22100047.0,1610612740.0,Pelicans,NOP,New Orleans,240:00:00,104.8,105.9,96.2,96.1,8.6,9.9,0.48700000000000004,0.95,14.0,0.34,0.762,0.575,19.585,19.8,0.506,0.551,1.0,0.195,102.0,101.5,84.58,101.0,0.5660000000000001,2021-10-25
93,22100047.0,1610612750.0,Timberwolves,MIN,Minnesota,240:00:00,96.2,96.1,104.8,105.9,-8.6,-9.9,0.645,1.82,15.1,0.23800000000000002,0.66,0.425,10.797,10.8,0.428,0.48100000000000004,1.0,0.20199999999999999,102.0,101.5,84.58,102.0,0.434,2021-10-25
94,22100048.0,1610612743.0,Nuggets,DEN,Denver,240:00:00,85.1,88.8,103.3,102.1,-18.3,-13.3,0.6,0.95,15.6,0.309,0.7659999999999999,0.52,21.51,22.4,0.45899999999999996,0.47700000000000004,1.0,0.196,99.04,97.5,81.25,98.0,0.39,2021-10-25
95,22100048.0,1610612739.0,Cavaliers,CLE,Cleveland,240:00:00,103.3,102.1,85.1,88.8,18.3,13.3,0.684,1.63,19.6,0.23399999999999999,0.691,0.48,16.701,16.5,0.506,0.545,1.0,0.19699999999999998,99.04,97.5,81.25,97.0,0.61,2021-10-25
96,22100049.0,1610612757.0,Trail Blazers,POR,Portland,240:00:00,74.2,75.4,102.3,100.9,-28.1,-25.4,0.469,0.5,10.9,0.185,0.86,0.51,25.88,26.3,0.424,0.46299999999999997,1.0,0.2,114.64,114.5,95.42,114.0,0.298,2021-10-25
97,22100049.0,1610612746.0,Clippers,LAC,LA,240:00:00,102.3,100.9,74.2,75.4,28.1,25.4,0.841,2.18,23.8,0.14,0.815,0.49,14.995999999999999,14.8,0.5479999999999999,0.5720000000000001,1.0,0.201,114.64,114.5,95.42,115.0,0.7020000000000001,2021-10-25
98,22100050.0,1610612755.0,76ers,PHI,Philadelphia,240:00:00,107.1,106.5,117.2,119.1,-10.1,-12.7,0.667,1.6,18.7,0.261,0.66,0.462,16.22,16.1,0.512,0.5529999999999999,1.0,0.19699999999999998,94.04,93.5,77.92,93.0,0.467,2021-10-26
99,22100050.0,1610612752.0,Knicks,NYK,New York,240:00:00,117.2,119.1,107.1,106.5,10.1,12.7,0.585,1.6,18.1,0.34,0.7390000000000001,0.5379999999999999,15.69,16.0,0.563,0.598,1.0,0.192,94.04,93.5,77.92,94.0,0.5329999999999999,2021-10-26
100,22100051.0,1610612760.0,Thunder,OKC,Oklahoma City,240:00:00,99.5,100.0,107.2,107.1,-7.6,-7.1,0.528,1.36,15.0,0.21600000000000005,0.778,0.479,14.216,14.3,0.488,0.524,1.0,0.19899999999999998,98.7,98.5,82.08,98.0,0.418,2021-10-26
101,22100051.0,1610612744.0,Warriors,GSW,Golden State,240:00:00,107.2,107.1,99.5,100.0,7.6,7.1,0.769,2.0,22.1,0.222,0.784,0.521,15.164000000000001,15.2,0.5539999999999999,0.583,1.0,0.2,98.7,98.5,82.08,99.0,0.5820000000000001,2021-10-26
102,22100052.0,1610612745.0,Rockets,HOU,Houston,240:00:00,102.5,101.0,110.5,110.5,-8.0,-9.5,0.667,1.41,17.3,0.24100000000000002,0.731,0.48100000000000004,16.435,16.2,0.512,0.544,1.0,0.203,104.22,105.0,87.5,105.0,0.456,2021-10-26
103,22100052.0,1610612742.0,Mavericks,DAL,Dallas,240:00:00,110.5,110.5,102.5,101.0,8.0,9.5,0.581,1.67,17.4,0.26899999999999996,0.759,0.519,14.286,14.3,0.527,0.5579999999999999,1.0,0.19699999999999998,104.22,105.0,87.5,105.0,0.544,2021-10-26
104,22100053.0,1610612759.0,Spurs,SAS,San Antonio,265:00:00,102.8,104.3,105.3,105.0,-2.5,-0.7,0.688,2.06,19.8,0.26899999999999996,0.768,0.496,13.595999999999998,13.8,0.505,0.514,1.0,0.19899999999999998,107.03,106.42,88.68,116.0,0.488,2021-10-26
105,22100053.0,1610612747.0,Lakers,LAL,Los Angeles,265:00:00,105.3,105.0,102.8,104.3,2.5,0.7,0.4,1.54,13.5,0.23199999999999998,0.731,0.504,10.954,10.9,0.514,0.545,1.0,0.201,107.03,106.42,88.68,119.0,0.512,2021-10-26
106,22100054.0,1610612762.0,Jazz,UTA,Utah,240:00:00,117.6,120.8,108.3,107.8,9.3,12.9,0.455,1.43,15.2,0.289,0.818,0.551,13.493,13.9,0.588,0.624,1.0,0.2,102.66,101.5,84.58,101.0,0.542,2021-10-26
107,22100054.0,1610612743.0,Nuggets,DEN,Denver,240:00:00,108.3,107.8,117.6,120.8,-9.3,-12.9,0.452,1.46,15.1,0.182,0.711,0.449,12.8,12.7,0.5660000000000001,0.588,1.0,0.201,102.66,101.5,84.58,102.0,0.45799999999999996,2021-10-26
108,22100055.0,1610612753.0,Magic,ORL,Orlando,240:00:00,106.0,108.8,119.3,117.6,-13.3,-8.8,0.512,1.16,16.3,0.289,0.7070000000000001,0.488,18.144000000000002,18.6,0.574,0.5920000000000001,1.0,0.19899999999999998,102.64,102.0,85.0,102.0,0.40700000000000003,2021-10-27
109,22100055.0,1610612766.0,Hornets,CHA,Charlotte,240:00:00,119.3,117.6,106.0,108.8,13.3,8.8,0.512,1.29,16.6,0.293,0.711,0.512,16.905,16.7,0.602,0.6409999999999999,1.0,0.19899999999999998,102.64,102.0,85.0,102.0,0.593,2021-10-27
110,22100056.0,1610612764.0,Wizards,WAS,Washington,240:00:00,114.0,116.0,106.7,108.1,7.3,7.9,0.419,1.13,13.8,0.364,0.725,0.5579999999999999,15.722999999999999,16.0,0.565,0.599,1.0,0.19899999999999998,101.04,99.5,82.92,100.0,0.556,2021-10-27
111,22100056.0,1610612738.0,Celtics,BOS,Boston,240:00:00,106.7,108.1,114.0,116.0,-7.3,-7.9,0.486,1.38,14.0,0.275,0.636,0.442,12.959000000000001,13.1,0.494,0.55,1.0,0.203,101.04,99.5,82.92,99.0,0.444,2021-10-27
112,22100057.0,1610612748.0,Heat,MIA,Miami,240:00:00,100.5,103.9,90.2,90.3,10.4,13.6,0.5529999999999999,1.4,14.6,0.35,0.887,0.602,14.225999999999999,14.7,0.43799999999999994,0.493,1.0,0.198,104.3,102.5,85.42,102.0,0.561,2021-10-27
113,22100057.0,1610612751.0,Nets,BKN,Brooklyn,240:00:00,90.2,90.3,100.5,103.9,-10.4,-13.6,0.636,1.31,16.4,0.113,0.65,0.39799999999999996,15.51,15.5,0.47100000000000003,0.51,1.0,0.196,104.3,102.5,85.42,103.0,0.439,2021-10-27
114,22100058.0,1610612761.0,Raptors,TOR,Toronto,240:00:00,113.1,121.6,99.5,103.1,13.5,18.6,0.478,1.83,15.5,0.431,0.643,0.52,11.499,12.4,0.53,0.544,1.0,0.196,102.42,97.0,80.83,97.0,0.564,2021-10-27
115,22100058.0,1610612754.0,Pacers,IND,Indiana,240:00:00,99.5,103.1,113.1,121.6,-13.5,-18.6,0.5,0.83,14.8,0.35700000000000004,0.569,0.48,22.89,23.7,0.544,0.578,1.0,0.19899999999999998,102.42,97.0,80.83,97.0,0.436,2021-10-27
116,22100059.0,1610612740.0,Pelicans,NOP,New Orleans,240:00:00,101.1,104.2,109.1,107.4,-8.1,-3.2,0.6,2.4,18.3,0.259,0.638,0.455,10.208,10.5,0.489,0.511,1.0,0.198,95.72,95.0,79.17,95.0,0.494,2021-10-27
117,22100059.0,1610612737.0,Hawks,ATL,Atlanta,240:00:00,109.1,107.4,101.1,104.2,8.1,3.2,0.525,1.91,15.5,0.36200000000000004,0.741,0.545,11.767000000000001,11.6,0.45799999999999996,0.493,1.0,0.19899999999999998,95.72,95.0,79.17,95.0,0.506,2021-10-27
118,22100060.0,1610612750.0,Timberwolves,MIN,Minnesota,240:00:00,107.1,113.0,107.7,108.0,-0.6,5.0,0.674,1.71,20.1,0.327,0.7240000000000001,0.542,16.117,17.0,0.544,0.574,1.0,0.19699999999999998,102.86,100.0,83.33,100.0,0.5379999999999999,2021-10-27
119,22100060.0,1610612749.0,Bucks,MIL,Milwaukee,240:00:00,107.7,108.0,107.1,113.0,0.6,-5.0,0.564,2.44,16.3,0.276,0.6729999999999999,0.45799999999999996,8.978,9.0,0.484,0.518,1.0,0.2,102.86,100.0,83.33,100.0,0.462,2021-10-27
120,22100061.0,1610612760.0,Thunder,OKC,Oklahoma City,240:00:00,117.4,117.1,109.4,110.6,8.1,6.6,0.488,1.31,15.5,0.261,0.75,0.511,15.273,15.2,0.5870000000000001,0.623,1.0,0.19899999999999998,104.96,104.5,87.08,105.0,0.518,2021-10-27
121,22100061.0,1610612747.0,Lakers,LAL,Los Angeles,240:00:00,109.4,110.6,117.4,117.1,-8.1,-6.6,0.63,1.71,20.1,0.25,0.7390000000000001,0.489,16.166,16.3,0.56,0.586,1.0,0.2,104.96,104.5,87.08,104.0,0.48200000000000004,2021-10-27
122,22100062.0,1610612758.0,Kings,SAC,Sacramento,240:00:00,104.2,110.0,106.4,104.9,-2.2,5.1,0.667,2.33,19.8,0.23199999999999998,0.6729999999999999,0.444,11.364,12.0,0.521,0.541,1.0,0.19699999999999998,103.08,101.0,84.17,100.0,0.48,2021-10-27
123,22100062.0,1610612756.0,Suns,PHX,Phoenix,240:00:00,106.4,104.9,104.2,110.0,2.2,-5.1,0.5479999999999999,2.09,16.7,0.327,0.768,0.556,10.939,10.8,0.484,0.517,1.0,0.201,103.08,101.0,84.17,102.0,0.52,2021-10-27
124,22100063.0,1610612757.0,Trail Blazers,POR,Portland,240:00:00,117.6,117.2,91.1,96.0,26.5,21.2,0.564,1.57,16.5,0.3,0.5670000000000001,0.45299999999999996,14.193,14.1,0.5539999999999999,0.594,1.0,0.201,102.0,99.5,82.92,99.0,0.659,2021-10-27
125,22100063.0,1610612763.0,Grizzlies,MEM,Memphis,240:00:00,91.1,96.0,117.6,117.2,-26.5,-21.2,0.7709999999999999,1.23,17.6,0.433,0.7,0.547,20.881,22.0,0.45299999999999996,0.46,1.0,0.198,102.0,99.5,82.92,100.0,0.341,2021-10-27
126,22100064.0,1610612746.0,Clippers,LAC,LA,240:00:00,80.8,82.3,92.1,95.8,-11.3,-13.5,0.613,1.36,15.1,0.2,0.62,0.391,14.327,14.6,0.408,0.426,1.0,0.19899999999999998,98.8,96.0,80.0,96.0,0.365,2021-10-27
127,22100064.0,1610612739.0,Cavaliers,CLE,Cleveland,240:00:00,92.1,95.8,80.8,82.3,11.3,13.5,0.364,0.57,9.5,0.38,0.8,0.609,21.025,21.9,0.426,0.495,1.0,0.198,98.8,96.0,80.0,96.0,0.635,2021-10-27
128,22100065.0,1610612755.0,76ers,PHI,Philadelphia,240:00:00,108.3,111.1,100.1,103.0,8.2,8.1,0.579,1.05,17.0,0.282,0.727,0.5429999999999999,20.677,21.2,0.579,0.635,1.0,0.19899999999999998,101.72,99.0,82.5,99.0,0.581,2021-10-28
129,22100065.0,1610612765.0,Pistons,DET,Detroit,240:00:00,100.1,103.0,108.3,111.1,-8.2,-8.1,0.629,1.57,16.4,0.273,0.718,0.457,13.742,14.1,0.483,0.521,1.0,0.19699999999999998,101.72,99.0,82.5,99.0,0.419,2021-10-28
130,22100066.0,1610612764.0,Wizards,WAS,Washington,240:00:00,118.2,120.8,109.7,109.9,8.4,10.9,0.565,2.89,18.2,0.309,0.8640000000000001,0.556,8.718,8.9,0.53,0.564,1.0,0.193,102.2,101.0,84.17,101.0,0.521,2021-10-28
131,22100066.0,1610612737.0,Hawks,ATL,Atlanta,240:00:00,109.7,109.9,118.2,120.8,-8.4,-10.9,0.542,2.0,19.5,0.136,0.691,0.444,12.850999999999999,12.9,0.58,0.589,1.0,0.196,102.2,101.0,84.17,101.0,0.479,2021-10-28
132,22100067.0,1610612752.0,Knicks,NYK,New York,240:00:00,108.6,110.6,107.7,109.6,0.9,1.1,0.41,1.23,13.0,0.271,0.8370000000000001,0.557,13.57,13.8,0.524,0.5539999999999999,1.0,0.19699999999999998,95.74,94.0,78.33,94.0,0.475,2021-10-28
133,22100067.0,1610612741.0,Bulls,CHI,Chicago,240:00:00,107.7,109.6,108.6,110.6,-0.9,-1.1,0.6940000000000001,3.57,19.9,0.163,0.7290000000000001,0.44299999999999995,7.316,7.4,0.494,0.55,1.0,0.19899999999999998,95.74,94.0,78.33,94.0,0.525,2021-10-28
134,22100068.0,1610612762.0,Jazz,UTA,Utah,240:00:00,112.8,117.3,88.2,87.5,24.5,29.8,0.585,1.2,16.9,0.35600000000000004,0.7879999999999999,0.613,18.484,19.2,0.5760000000000001,0.621,1.0,0.193,105.66,104.0,86.67,104.0,0.7070000000000001,2021-10-28
135,22100068.0,1610612745.0,Rockets,HOU,Houston,240:00:00,88.2,87.5,112.8,117.3,-24.5,-29.8,0.484,1.36,11.4,0.212,0.644,0.387,10.667,10.6,0.374,0.433,1.0,0.2,105.66,104.0,86.67,104.0,0.293,2021-10-28
136,22100069.0,1610612759.0,Spurs,SAS,San Antonio,240:00:00,100.4,103.1,105.3,108.3,-4.9,-5.2,0.5379999999999999,1.4,16.1,0.28300000000000003,0.731,0.505,15.213,15.6,0.511,0.523,1.0,0.19899999999999998,98.66,96.0,80.0,96.0,0.521,2021-10-28
137,22100069.0,1610612742.0,Mavericks,DAL,Dallas,240:00:00,105.3,108.3,100.4,103.1,4.9,5.2,0.439,1.38,14.3,0.26899999999999996,0.7170000000000001,0.495,13.169,13.5,0.562,0.5489999999999999,1.0,0.19899999999999998,98.66,96.0,80.0,96.0,0.479,2021-10-28
138,22100070.0,1610612763.0,Grizzlies,MEM,Memphis,265:00:00,93.6,95.4,90.8,93.5,2.8,1.9,0.6409999999999999,1.39,17.1,0.276,0.792,0.523,16.192999999999998,16.5,0.46399999999999997,0.504,1.0,0.2,100.73,98.26,81.89,109.0,0.537,2021-10-28
139,22100070.0,1610612744.0,Warriors,GSW,Golden State,265:00:00,90.8,93.5,93.6,95.4,-2.8,-1.9,0.7440000000000001,1.26,19.7,0.20800000000000002,0.7240000000000001,0.47700000000000004,20.669,21.3,0.511,0.53,1.0,0.196,100.73,98.26,81.89,108.0,0.46299999999999997,2021-10-28
140,22100071.0,1610612761.0,Raptors,TOR,Toronto,240:00:00,116.2,118.3,110.1,116.0,6.1,2.3,0.419,2.25,14.8,0.239,0.653,0.45299999999999996,8.45,8.6,0.552,0.575,1.0,0.19699999999999998,96.86,93.5,77.92,93.0,0.541,2021-10-29
141,22100071.0,1610612753.0,Magic,ORL,Orlando,240:00:00,110.1,116.0,116.2,118.3,-6.1,-2.3,0.585,1.41,17.8,0.34700000000000003,0.7609999999999999,0.547,17.165,18.1,0.563,0.58,1.0,0.195,96.86,93.5,77.92,94.0,0.45899999999999996,2021-10-29
142,22100072.0,1610612754.0,Pacers,IND,Indiana,240:00:00,92.3,97.0,102.9,102.9,-10.6,-5.9,0.541,1.43,14.6,0.298,0.7759999999999999,0.519,13.193,13.9,0.441,0.475,1.0,0.2,104.08,101.5,84.58,101.0,0.424,2021-10-29
143,22100072.0,1610612751.0,Nets,BKN,Brooklyn,240:00:00,102.9,102.9,92.3,97.0,10.6,5.9,0.588,1.11,15.1,0.22399999999999998,0.7020000000000001,0.48100000000000004,17.64,17.6,0.48700000000000004,0.5579999999999999,1.0,0.198,104.08,101.5,84.58,102.0,0.5760000000000001,2021-10-29
144,22100073.0,1610612748.0,Heat,MIA,Miami,240:00:00,112.5,115.2,99.3,100.0,13.2,15.2,0.535,1.28,16.4,0.43799999999999994,0.763,0.617,17.758,18.2,0.522,0.574,1.0,0.19899999999999998,100.52,99.0,82.5,99.0,0.601,2021-10-29
145,22100073.0,1610612766.0,Hornets,CHA,Charlotte,240:00:00,99.3,100.0,112.5,115.2,-13.2,-15.2,0.6,1.91,15.9,0.237,0.563,0.38299999999999995,11.035,11.1,0.461,0.4970000000000001,1.0,0.201,100.52,99.0,82.5,99.0,0.39899999999999997,2021-10-29
146,22100074.0,1610612758.0,Kings,SAC,Sacramento,240:00:00,110.8,111.9,102.8,107.9,8.0,4.0,0.475,1.36,15.3,0.122,0.698,0.47100000000000003,13.725,13.9,0.556,0.621,1.0,0.198,104.0,101.0,84.17,101.0,0.5589999999999999,2021-10-29
147,22100074.0,1610612740.0,Pelicans,NOP,New Orleans,240:00:00,102.8,107.9,110.8,111.9,-8.0,-4.0,0.429,1.8,13.1,0.302,0.878,0.529,9.434,9.9,0.474,0.5,1.0,0.198,104.0,101.0,84.17,101.0,0.441,2021-10-29
148,22100075.0,1610612743.0,Nuggets,DEN,Denver,240:00:00,102.2,105.0,75.8,75.8,26.3,29.2,0.6509999999999999,1.4,20.5,0.23800000000000002,0.877,0.606,19.283,19.8,0.584,0.597,1.0,0.195,101.3,100.0,83.33,101.0,0.73,2021-10-29
149,22100075.0,1610612742.0,Mavericks,DAL,Dallas,240:00:00,75.8,75.8,102.2,105.0,-26.3,-29.2,0.609,0.93,11.8,0.12300000000000001,0.762,0.39399999999999996,15.17,15.2,0.34600000000000003,0.41700000000000004,1.0,0.2,101.3,100.0,83.33,99.0,0.27,2021-10-29
150,22100076.0,1610612757.0,Trail Blazers,POR,Portland,240:00:00,107.7,109.9,91.1,92.9,16.7,17.0,0.512,1.5,15.0,0.344,0.877,0.602,13.587,13.9,0.515,0.528,1.0,0.2,102.04,100.0,83.33,101.0,0.588,2021-10-29
151,22100076.0,1610612746.0,Clippers,LAC,LA,240:00:00,91.1,92.9,107.7,109.9,-16.7,-17.0,0.5,1.31,13.7,0.12300000000000001,0.6559999999999999,0.39799999999999996,12.866,13.1,0.47700000000000004,0.489,1.0,0.196,102.04,100.0,83.33,99.0,0.41200000000000003,2021-10-29
152,22100077.0,1610612747.0,Lakers,LAL,Los Angeles,240:00:00,113.7,120.2,105.6,108.6,8.1,11.6,0.522,1.09,17.9,0.462,0.615,0.5489999999999999,22.13300000000001,23.4,0.619,0.639,1.0,0.19399999999999998,97.54,93.5,77.92,94.0,0.5589999999999999,2021-10-29
153,22100077.0,1610612739.0,Cavaliers,CLE,Cleveland,240:00:00,105.6,108.6,113.7,120.2,-8.1,-11.6,0.757,1.87,20.0,0.385,0.5379999999999999,0.451,15.677,16.1,0.494,0.522,1.0,0.201,97.54,93.5,77.92,93.0,0.441,2021-10-29
154,22100078.0,1610612764.0,Wizards,WAS,Washington,290:00,95.2,95.0,91.8,93.3,3.4,1.7,0.5,1.46,12.5,0.217,0.8029999999999999,0.504,10.758,10.7,0.413,0.48,1.0,0.199,100.49,99.72,83.1,121.0,0.51,2021-10-30
155,22100078.0,1610612738.0,Celtics,BOS,Boston,290:00,91.8,93.3,95.2,95.0,-3.4,-1.7,0.523,1.92,15.0,0.197,0.7829999999999999,0.496,9.836,10.0,0.421,0.475,1.0,0.198,100.49,99.72,83.1,120.0,0.49,2021-10-30
156,22100079.0,1610612753.0,Magic,ORL,Orlando,240:00,103.4,105.1,108.7,110.0,-5.3,-4.9,0.5529999999999999,1.17,15.8,0.28,0.607,0.453,18.072,18.4,0.529,0.55,1.0,0.199,100.4,99.0,82.5,98.0,0.451,2021-10-30
157,22100079.0,1610612765.0,Pistons,DET,Detroit,240:00,108.7,110.0,103.4,105.1,5.3,4.9,0.722,1.63,18.0,0.393,0.72,0.547,15.81,16.0,0.483,0.5379999999999999,1.0,0.195,100.4,99.0,82.5,100.0,0.5489999999999999,2021-10-30
158,22100080.0,1610612752.0,Knicks,NYK,New York,240:00,124.2,124.2,114.1,118.2,10.2,6.1,0.524,1.83,17.5,0.195,0.667,0.457,12.121,12.1,0.636,0.6679999999999999,1.0,0.202,100.78,99.0,82.5,99.0,0.516,2021-10-30
159,22100080.0,1610612740.0,Pelicans,NOP,New Orleans,240:00,114.1,118.2,124.2,124.2,-10.2,-6.1,0.7140000000000001,2.5,20.8,0.333,0.805,0.5429999999999999,11.7,12.1,0.516,0.57,1.0,0.197,100.78,99.0,82.5,99.0,0.484,2021-10-30
160,22100081.0,1610612761.0,Raptors,TOR,Toronto,240:00,93.9,98.0,94.0,94.9,0.0,3.0,0.462,1.0,13.5,0.327,0.76,0.5329999999999999,17.428,18.2,0.484,0.499,1.0,0.194,101.66,99.0,82.5,99.0,0.484,2021-10-30
161,22100081.0,1610612754.0,Pacers,IND,Indiana,240:00,94.0,94.9,93.9,98.0,0.0,-3.0,0.7140000000000001,1.25,18.8,0.24,0.6729999999999999,0.467,19.992,20.2,0.512,0.534,1.0,0.2,101.66,99.0,82.5,99.0,0.516,2021-10-30
162,22100082.0,1610612755.0,76ers,PHI,Philadelphia,240:00,120.4,122.0,91.8,94.9,28.5,27.1,0.522,2.0,18.4,0.2,0.613,0.451,11.839,12.0,0.605,0.6459999999999999,1.0,0.197,101.86,99.5,82.92,100.0,0.649,2021-10-30
163,22100082.0,1610612737.0,Hawks,ATL,Atlanta,240:00,91.8,94.9,120.4,122.0,-28.5,-27.1,0.667,1.26,16.4,0.387,0.8,0.5489999999999999,18.562,19.2,0.421,0.455,1.0,0.199,101.86,99.5,82.92,99.0,0.35100000000000003,2021-10-30
164,22100083.0,1610612762.0,Jazz,UTA,Utah,240:00,93.1,96.1,102.7,102.9,-9.6,-6.8,0.429,0.75,11.1,0.316,0.778,0.541,18.804,19.4,0.44,0.493,1.0,0.199,105.28,103.5,86.25,103.0,0.445,2021-10-30
165,22100083.0,1610612741.0,Bulls,CHI,Chicago,240:00,102.7,102.9,93.1,96.1,9.6,6.8,0.41,1.78,12.4,0.222,0.684,0.459,8.637,8.7,0.456,0.513,1.0,0.2,105.28,103.5,86.25,104.0,0.555,2021-10-30
166,22100084.0,1610612748.0,Heat,MIA,Miami,240:00,124.8,129.0,99.8,103.0,25.0,26.0,0.674,1.72,21.3,0.3720000000000001,0.764,0.5920000000000001,17.415,18.0,0.642,0.669,1.0,0.199,103.3,100.0,83.33,100.0,0.611,2021-10-30
167,22100084.0,1610612763.0,Grizzlies,MEM,Memphis,240:00,99.8,103.0,124.8,129.0,-25.0,-26.0,0.765,1.86,18.9,0.236,0.628,0.408,13.561,14.0,0.477,0.53,1.0,0.2,103.3,100.0,83.33,100.0,0.389,2021-10-30
168,22100085.0,1610612759.0,Spurs,SAS,San Antonio,240:00,94.8,95.3,86.1,86.1,8.8,9.2,0.718,2.8,19.5,0.175,0.818,0.491,9.297,9.3,0.447,0.483,1.0,0.199,107.8,107.5,89.58,107.0,0.5920000000000001,2021-10-30
169,22100085.0,1610612749.0,Bucks,MIL,Milwaukee,240:00,86.1,86.1,94.8,95.3,-8.8,-9.2,0.556,0.95,14.6,0.182,0.825,0.509,19.437,19.4,0.461,0.484,1.0,0.195,107.8,107.5,89.58,108.0,0.408,2021-10-30
170,22100086.0,1610612760.0,Thunder,OKC,Oklahoma City,240:00,79.4,80.4,101.5,101.0,-22.0,-20.6,0.483,0.88,11.6,0.113,0.782,0.454,15.498,15.7,0.407,0.454,1.0,0.201,102.38,102.0,85.0,102.0,0.405,2021-10-30
171,22100086.0,1610612744.0,Warriors,GSW,Golden State,240:00,101.5,101.0,79.4,80.4,22.0,20.6,0.769,1.88,21.2,0.218,0.887,0.546,15.76,15.7,0.5379999999999999,0.539,1.0,0.199,102.38,102.0,85.0,102.0,0.595,2021-10-30
172,22100087.0,1610612750.0,Timberwolves,MIN,Minnesota,240:00,92.9,94.8,93.9,95.9,-1.0,-1.1,0.6,1.05,15.6,0.339,0.623,0.477,20.416,20.8,0.461,0.484,1.0,0.2,98.5,96.5,80.42,96.0,0.424,2021-10-30
173,22100087.0,1610612743.0,Nuggets,DEN,Denver,240:00,93.9,95.9,92.9,94.8,1.0,1.1,0.667,1.33,17.5,0.377,0.6609999999999999,0.523,18.174,18.6,0.46,0.489,1.0,0.202,98.5,96.5,80.42,97.0,0.5760000000000001,2021-10-30
174,22100088.0,1610612756.0,Suns,PHX,Phoenix,240:00,98.2,98.1,89.3,90.2,8.9,7.9,0.6920000000000001,1.8,19.6,0.22,0.804,0.528,14.58,14.6,0.5,0.527,1.0,0.197,102.98,102.5,85.42,103.0,0.606,2021-10-30
175,22100088.0,1610612739.0,Cavaliers,CLE,Cleveland,240:00,89.3,90.2,98.2,98.1,-8.9,-7.9,0.583,1.11,15.7,0.196,0.78,0.472,18.432,18.6,0.473,0.489,1.0,0.198,102.98,102.5,85.42,102.0,0.394,2021-10-30
176,22100089.0,1610612758.0,Kings,SAC,Sacramento,240:00,98.2,102.1,106.3,108.2,-8.1,-6.2,0.526,1.54,14.5,0.3670000000000001,0.741,0.544,12.897,13.4,0.4320000000000001,0.47200000000000003,1.0,0.19699999999999998,99.8,97.0,80.83,97.0,0.465,2021-10-31
177,22100089.0,1610612742.0,Mavericks,DAL,Dallas,240:00,106.3,108.2,98.2,102.1,8.1,6.2,0.6,2.4,18.1,0.259,0.633,0.456,10.121,10.3,0.511,0.531,1.0,0.19899999999999998,99.8,97.0,80.83,97.0,0.535,2021-10-31
178,22100090.0,1610612757.0,Trail Blazers,POR,Portland,240:00,114.3,116.5,128.5,128.9,-14.2,-12.4,0.698,2.5,20.9,0.35200000000000004,0.7290000000000001,0.529,12.140999999999998,12.4,0.531,0.555,1.0,0.2,98.04,97.0,80.83,97.0,0.446,2021-10-31
179,22100090.0,1610612766.0,Hornets,CHA,Charlotte,240:00,128.5,128.9,114.3,116.5,14.2,12.4,0.7829999999999999,4.0,25.1,0.271,0.648,0.47100000000000003,9.255,9.3,0.629,0.636,1.0,0.2,98.04,97.0,80.83,97.0,0.5539999999999999,2021-10-31
180,22100091.0,1610612762.0,Jazz,UTA,Utah,240:00,115.2,116.3,98.3,103.3,16.9,13.0,0.371,1.0,11.5,0.23800000000000002,0.667,0.485,13.997,14.1,0.547,0.616,1.0,0.198,94.76,92.0,76.67,92.0,0.617,2021-10-31
181,22100091.0,1610612749.0,Bucks,MIL,Milwaukee,240:00,98.3,103.3,115.2,116.3,-16.9,-13.0,0.41,1.45,12.7,0.33299999999999996,0.762,0.515,11.382,12.0,0.469,0.48200000000000004,1.0,0.195,94.76,92.0,76.67,92.0,0.38299999999999995,2021-10-31
182,22100092.0,1610612765.0,Pistons,DET,Detroit,240:00,94.1,94.8,120.6,120.6,-26.4,-25.8,0.6559999999999999,1.4,16.8,0.157,0.821,0.392,15.515,15.6,0.48100000000000004,0.513,1.0,0.19899999999999998,96.86,96.5,80.42,96.0,0.33899999999999997,2021-10-31
183,22100092.0,1610612751.0,Nets,BKN,Brooklyn,240:00,120.6,120.6,94.1,94.8,26.4,25.8,0.638,1.5,23.2,0.179,0.843,0.608,20.61,20.6,0.743,0.74,1.0,0.198,96.86,96.5,80.42,97.0,0.6609999999999999,2021-10-31
184,22100093.0,1610612747.0,Lakers,LAL,Los Angeles,240:00,89.9,92.2,80.4,83.3,9.5,8.9,0.564,1.57,16.0,0.23,0.706,0.446,13.243,13.6,0.45299999999999996,0.467,1.0,0.19399999999999998,105.74,102.5,85.42,103.0,0.569,2021-10-31
185,22100093.0,1610612745.0,Rockets,HOU,Houston,240:00,80.4,83.3,89.9,92.2,-9.5,-8.9,0.563,0.67,13.5,0.294,0.77,0.5539999999999999,25.53,26.5,0.461,0.479,1.0,0.19699999999999998,105.74,102.5,85.42,102.0,0.431,2021-10-31
186,22100094.0,1610612739.0,Cavaliers,CLE,Cleveland,240:00,106.9,113.0,105.2,110.0,1.7,3.0,0.5379999999999999,1.31,14.6,0.472,0.557,0.518,15.134,16.0,0.483,0.529,1.0,0.2,105.16,100.0,83.33,100.0,0.527,2021-11-01
187,22100094.0,1610612766.0,Hornets,CHA,Charlotte,240:00,105.2,110.0,106.9,113.0,-1.7,-3.0,0.643,1.59,17.7,0.443,0.528,0.482,16.252,17.0,0.485,0.506,1.0,0.199,105.16,100.0,83.33,100.0,0.473,2021-11-01
188,22100095.0,1610612759.0,Spurs,SAS,San Antonio,240:00,113.3,118.0,128.1,132.3,-14.8,-14.3,0.723,2.0,23.3,0.311,0.667,0.483,16.320999999999998,17.0,0.607,0.62,1.0,0.196,103.22,99.5,82.92,100.0,0.465,2021-11-01
189,22100095.0,1610612754.0,Pacers,IND,Indiana,240:00,128.1,132.3,113.3,118.0,14.8,14.3,0.7120000000000001,2.31,24.8,0.333,0.6890000000000001,0.517,15.643,16.2,0.67,0.68,1.0,0.196,103.22,99.5,82.92,99.0,0.535,2021-11-01
190,22100096.0,1610612757.0,Trail Blazers,POR,Portland,240:00,109.7,109.6,120.2,121.5,-10.5,-11.9,0.525,1.4,16.4,0.34,0.805,0.557,15.970999999999998,16.0,0.5479999999999999,0.56,1.0,0.198,93.98,93.5,77.92,94.0,0.421,2021-11-01
191,22100096.0,1610612755.0,76ers,PHI,Philadelphia,240:00,120.2,121.5,109.7,109.6,10.5,11.9,0.7909999999999999,3.09,25.2,0.195,0.66,0.443,11.697,11.8,0.596,0.627,1.0,0.196,93.98,93.5,77.92,93.0,0.579,2021-11-01
192,22100097.0,1610612764.0,Wizards,WAS,Washington,240:00,113.2,116.8,125.9,122.9,-12.6,-6.1,0.659,2.25,20.4,0.222,0.667,0.444,12.24,12.6,0.552,0.597,1.0,0.198,95.9,95.5,79.58,95.0,0.449,2021-11-01
193,22100097.0,1610612737.0,Hawks,ATL,Atlanta,240:00,125.9,122.9,113.2,116.8,12.6,6.1,0.632,2.18,18.4,0.333,0.778,0.556,11.732,11.5,0.536,0.616,1.0,0.202,95.9,95.5,79.58,96.0,0.551,2021-11-01
194,22100098.0,1610612741.0,Bulls,CHI,Chicago,240:00,125.6,126.7,113.1,111.8,12.5,15.0,0.612,1.67,21.1,0.324,0.737,0.574,17.660999999999994,17.8,0.645,0.6809999999999999,1.0,0.193,101.36,101.5,84.58,101.0,0.599,2021-11-01
195,22100098.0,1610612738.0,Celtics,BOS,Boston,240:00,113.1,111.8,125.6,126.7,-12.5,-15.0,0.476,2.22,14.9,0.263,0.6759999999999999,0.426,8.929,8.8,0.516,0.544,1.0,0.2,101.36,101.5,84.58,102.0,0.401,2021-11-01
196,22100099.0,1610612761.0,Raptors,TOR,Toronto,240:00,111.7,115.3,107.7,107.2,4.0,8.1,0.5579999999999999,2.67,17.4,0.339,0.8,0.545,8.897,9.2,0.505,0.537,1.0,0.198,98.86,97.5,81.25,98.0,0.5429999999999999,2021-11-01
197,22100099.0,1610612752.0,Knicks,NYK,New York,240:00,107.7,107.2,111.7,115.3,-4.0,-8.1,0.5710000000000001,1.18,16.2,0.2,0.6609999999999999,0.455,17.605999999999995,17.5,0.5660000000000001,0.601,1.0,0.201,98.86,97.5,81.25,97.0,0.457,2021-11-01
198,22100100.0,1610612763.0,Grizzlies,MEM,Memphis,240:00,103.8,107.1,96.4,99.0,7.4,8.1,0.455,1.54,15.0,0.321,0.83,0.575,12.735,13.1,0.521,0.53,1.0,0.198,101.34,98.5,82.08,99.0,0.506,2021-11-01
199,22100100.0,1610612743.0,Nuggets,DEN,Denver,240:00,96.4,99.0,103.8,107.1,-7.4,-8.1,0.6920000000000001,2.25,20.2,0.17,0.679,0.425,11.928,12.2,0.494,0.513,1.0,0.199,101.34,98.5,82.08,98.0,0.494,2021-11-01
200,22100101.0,1610612753.0,Magic,ORL,Orlando,240:00,115.9,115.0,93.8,98.0,22.1,17.0,0.568,1.31,15.9,0.298,0.677,0.518,16.129,16.0,0.555,0.604,1.0,0.2,101.28,99.5,82.92,100.0,0.623,2021-11-01
201,22100101.0,1610612750.0,Timberwolves,MIN,Minnesota,240:00,93.8,98.0,115.9,115.0,-22.1,-17.0,0.583,1.5,15.0,0.32299999999999995,0.7020000000000001,0.482,13.545,14.1,0.443,0.46,1.0,0.196,101.28,99.5,82.92,99.0,0.377,2021-11-01
202,22100102.0,1610612760.0,Thunder,OKC,Oklahoma City,240:00,91.2,94.0,97.7,100.0,-6.4,-6.0,0.486,1.06,13.1,0.268,0.7070000000000001,0.491,15.528,16.0,0.45,0.484,1.0,0.198,102.2,99.5,82.92,100.0,0.481,2021-11-01
203,22100102.0,1610612746.0,Clippers,LAC,LA,240:00,97.7,100.0,91.2,94.0,6.4,6.0,0.514,1.29,13.6,0.293,0.732,0.509,13.812,14.1,0.462,0.493,1.0,0.198,102.2,99.5,82.92,99.0,0.519,2021-11-01
204,22100103.0,1610612749.0,Bucks,MIL,Milwaukee,240:00,115.6,117.0,83.8,89.9,31.8,27.1,0.667,1.65,20.3,0.295,0.706,0.545,16.792,17.0,0.601,0.627,1.0,0.196,103.72,99.5,82.92,100.0,0.7190000000000001,2021-11-02
205,22100103.0,1610612765.0,Pistons,DET,Detroit,240:00,83.8,89.9,115.6,117.0,-31.8,-27.1,0.7,1.5,14.9,0.294,0.705,0.455,13.183,14.1,0.366,0.419,1.0,0.196,103.72,99.5,82.92,99.0,0.281,2021-11-02
206,22100104.0,1610612748.0,Heat,MIA,Miami,240:00,132.7,131.6,113.8,115.8,18.9,15.8,0.581,3.57,19.5,0.256,0.736,0.521,7.431,7.4,0.596,0.65,1.0,0.2,95.42,95.0,79.17,95.0,0.612,2021-11-02
207,22100104.0,1610612742.0,Mavericks,DAL,Dallas,240:00,113.8,115.8,132.7,131.6,-18.9,-15.8,0.45899999999999996,1.7,13.6,0.264,0.7440000000000001,0.479,10.347999999999999,10.5,0.524,0.563,1.0,0.19699999999999998,95.42,95.0,79.17,95.0,0.38799999999999996,2021-11-02
208,22100105.0,1610612762.0,Jazz,UTA,Utah,240:00,106.4,114.4,104.1,107.6,2.3,6.8,0.3720000000000001,0.94,11.2,0.414,0.789,0.6,15.195,16.3,0.51,0.541,1.0,0.19899999999999998,110.22,104.5,87.08,104.0,0.507,2021-11-02
209,22100105.0,1610612758.0,Kings,SAC,Sacramento,240:00,104.1,107.6,106.4,114.4,-2.3,-6.8,0.5710000000000001,2.18,17.3,0.21100000000000002,0.586,0.4,10.133,10.5,0.516,0.546,1.0,0.19899999999999998,110.22,104.5,87.08,105.0,0.493,2021-11-02
210,22100106.0,1610612756.0,Suns,PHX,Phoenix,240:00,109.9,110.9,98.0,100.0,11.9,10.9,0.7440000000000001,1.68,22.7,0.225,0.679,0.49,18.642,18.8,0.579,0.623,1.0,0.196,101.98,100.5,83.75,101.0,0.575,2021-11-02
211,22100106.0,1610612740.0,Pelicans,NOP,New Orleans,240:00,98.0,100.0,109.9,110.9,-11.9,-10.9,0.583,1.17,15.3,0.321,0.775,0.51,17.64,18.0,0.467,0.51,1.0,0.2,101.98,100.5,83.75,100.0,0.425,2021-11-02
212,22100107.0,1610612747.0,Lakers,LAL,Los Angeles,240:00,110.4,111.2,106.1,108.3,4.3,2.9,0.531,1.53,18.0,0.326,0.708,0.521,15.77,15.9,0.5589999999999999,0.584,1.0,0.2,109.04,107.5,89.58,107.0,0.5479999999999999,2021-11-02
213,22100107.0,1610612745.0,Rockets,HOU,Houston,240:00,106.1,108.3,110.4,111.2,-4.3,-2.9,0.563,1.08,18.2,0.292,0.674,0.479,22.67,23.1,0.615,0.608,1.0,0.195,109.04,107.5,89.58,108.0,0.45299999999999996,2021-11-02
214,22100108.0,1610612757.0,Trail Blazers,POR,Portland,240:00,107.8,109.5,111.6,112.6,-3.8,-3.2,0.6,2.67,18.4,0.241,0.784,0.462,9.328,9.5,0.517,0.5329999999999999,1.0,0.199,96.2,95.0,79.17,95.0,0.459,2021-11-03
215,22100108.0,1610612739.0,Cavaliers,CLE,Cleveland,240:00,111.6,112.6,107.8,109.5,3.8,3.2,0.7440000000000001,1.53,22.3,0.21600000000000005,0.759,0.5379999999999999,19.808,20.0,0.628,0.653,1.0,0.196,96.2,95.0,79.17,95.0,0.541,2021-11-03
216,22100109.0,1610612752.0,Knicks,NYK,New York,240:00,103.3,102.1,110.8,114.4,-7.5,-12.3,0.639,2.3,17.4,0.259,0.68,0.462,10.54,10.4,0.443,0.496,1.0,0.2,97.52,96.5,80.42,96.0,0.446,2021-11-03
217,22100109.0,1610612754.0,Pacers,IND,Indiana,240:00,110.8,114.4,103.3,102.1,7.5,12.3,0.619,2.0,19.1,0.32,0.741,0.5379999999999999,12.979,13.4,0.5489999999999999,0.5710000000000001,1.0,0.196,97.52,96.5,80.42,97.0,0.5539999999999999,2021-11-03
218,22100110.0,1610612753.0,Magic,ORL,Orlando,240:00,79.2,84.0,100.0,96.8,-20.8,-12.8,0.556,1.0,12.2,0.237,0.8079999999999999,0.505,15.03,16.0,0.375,0.426,1.0,0.199,95.9,94.5,78.75,94.0,0.358,2021-11-03
219,22100110.0,1610612738.0,Celtics,BOS,Boston,240:00,100.0,96.8,79.2,84.0,20.8,12.8,0.727,2.18,19.2,0.192,0.763,0.495,11.957,11.6,0.481,0.511,1.0,0.202,95.9,94.5,78.75,95.0,0.642,2021-11-03
220,22100111.0,1610612755.0,76ers,PHI,Philadelphia,240:00,108.1,106.2,101.1,101.0,7.0,5.2,0.632,1.71,19.3,0.136,0.773,0.455,14.7,14.4,0.5710000000000001,0.597,1.0,0.202,96.08,97.0,80.83,97.0,0.508,2021-11-03
221,22100111.0,1610612741.0,Bulls,CHI,Chicago,240:00,101.1,101.0,108.1,106.2,-7.0,-5.2,0.5,1.19,15.2,0.227,0.8640000000000001,0.545,16.508,16.5,0.5,0.545,1.0,0.198,96.08,97.0,80.83,97.0,0.4920000000000001,2021-11-03
222,22100112.0,1610612764.0,Wizards,WAS,Washington,240:00,106.2,103.1,110.3,113.5,-4.2,-10.4,0.5589999999999999,1.46,15.4,0.245,0.72,0.485,13.8,13.4,0.487,0.5479999999999999,1.0,0.202,96.5,96.5,80.42,97.0,0.5,2021-11-03
223,22100112.0,1610612761.0,Raptors,TOR,Toronto,240:00,110.3,113.5,106.2,103.1,4.2,10.4,0.415,1.42,13.5,0.28,0.755,0.515,12.146,12.5,0.523,0.563,1.0,0.195,96.5,96.5,80.42,96.0,0.5,2021-11-03
224,22100113.0,1610612751.0,Nets,BKN,Brooklyn,240:00,114.4,113.6,105.3,103.8,9.1,9.7,0.7909999999999999,2.13,23.7,0.16699999999999998,0.745,0.476,15.643,15.5,0.614,0.627,1.0,0.196,102.44,103.5,86.25,103.0,0.537,2021-11-03
225,22100113.0,1610612737.0,Hawks,ATL,Atlanta,240:00,105.3,103.8,114.4,113.6,-9.1,-9.7,0.561,1.64,16.7,0.255,0.833,0.524,13.645,13.5,0.505,0.537,1.0,0.199,102.44,103.5,86.25,104.0,0.463,2021-11-03
226,22100114.0,1610612763.0,Grizzlies,MEM,Memphis,240:00,112.3,113.7,108.5,111.6,3.8,2.1,0.667,2.33,22.0,0.14300000000000002,0.6940000000000001,0.44,12.479,12.6,0.617,0.62,1.0,0.198,96.94,95.0,79.17,95.0,0.523,2021-11-03
227,22100114.0,1610612743.0,Nuggets,DEN,Denver,240:00,108.5,111.6,112.3,113.7,-3.8,-2.1,0.5579999999999999,2.0,18.1,0.306,0.857,0.56,12.28,12.6,0.516,0.5479999999999999,1.0,0.197,96.94,95.0,79.17,95.0,0.477,2021-11-03
228,22100115.0,1610612750.0,Timberwolves,MIN,Minnesota,240:00,111.6,116.2,124.4,123.5,-12.8,-7.4,0.628,1.59,18.6,0.333,0.774,0.5,16.498,17.2,0.532,0.569,1.0,0.195,102.16,100.5,83.75,99.0,0.4270000000000001,2021-11-03
229,22100115.0,1610612746.0,Clippers,LAC,LA,240:00,124.4,123.5,111.6,116.2,12.8,7.4,0.7020000000000001,1.57,24.0,0.226,0.667,0.5,20.735,20.6,0.737,0.7559999999999999,1.0,0.198,102.16,100.5,83.75,102.0,0.573,2021-11-03
230,22100116.0,1610612759.0,Spurs,SAS,San Antonio,240:00,101.1,102.9,99.3,102.8,1.8,0.0,0.581,1.67,18.3,0.146,0.644,0.421,14.045,14.3,0.528,0.5579999999999999,1.0,0.2,108.28,105.5,87.92,105.0,0.524,2021-11-03
231,22100116.0,1610612742.0,Mavericks,DAL,Dallas,240:00,99.3,102.8,101.1,102.9,-1.8,0.0,0.525,1.11,14.4,0.35600000000000004,0.8540000000000001,0.579,17.31,17.9,0.473,0.515,1.0,0.199,108.28,105.5,87.92,106.0,0.476,2021-11-03
232,22100117.0,1610612744.0,Warriors,GSW,Golden State,240:00,109.7,108.6,86.5,87.6,23.2,21.0,0.7859999999999999,1.94,22.9,0.184,0.8029999999999999,0.527,16.359,16.2,0.593,0.607,1.0,0.198,105.14,105.0,87.5,105.0,0.637,2021-11-03
233,22100117.0,1610612766.0,Hornets,CHA,Charlotte,240:00,86.5,87.6,109.7,108.6,-23.2,-21.0,0.529,1.13,13.5,0.197,0.816,0.473,15.043,15.2,0.429,0.463,1.0,0.198,105.14,105.0,87.5,105.0,0.363,2021-11-03
234,22100118.0,1610612758.0,Kings,SAC,Sacramento,240:00,119.6,116.7,97.4,103.1,22.1,13.5,0.643,3.38,21.7,0.105,0.7,0.443,8.54,8.3,0.588,0.624,1.0,0.201,97.64,96.0,80.0,96.0,0.596,2021-11-03
235,22100118.0,1610612740.0,Pelicans,NOP,New Orleans,240:00,97.4,103.1,119.6,116.7,-22.1,-13.5,0.649,1.41,18.0,0.3,0.895,0.557,16.732,17.7,0.5,0.535,1.0,0.197,97.64,96.0,80.0,96.0,0.404,2021-11-03
236,22100119.0,1610612755.0,76ers,PHI,Philadelphia,240:00,117.6,118.5,103.9,106.5,13.8,12.0,0.537,1.47,17.0,0.38299999999999995,0.698,0.55,16.185,16.3,0.5660000000000001,0.588,1.0,0.195,93.52,92.0,76.67,92.0,0.564,2021-11-04
237,22100119.0,1610612765.0,Pistons,DET,Detroit,240:00,103.9,106.5,117.6,118.5,-13.8,-12.0,0.6,1.91,16.5,0.302,0.617,0.45,11.657,12.0,0.466,0.514,1.0,0.201,93.52,92.0,76.67,92.0,0.436,2021-11-04
238,22100120.0,1610612762.0,Jazz,UTA,Utah,240:00,117.0,123.4,100.6,104.3,16.5,19.1,0.732,1.76,21.7,0.326,0.8,0.581,17.151,18.1,0.611,0.637,1.0,0.192,98.28,94.0,78.33,94.0,0.607,2021-11-04
239,22100120.0,1610612737.0,Hawks,ATL,Atlanta,240:00,100.6,104.3,117.0,123.4,-16.5,-19.1,0.514,2.0,14.9,0.2,0.674,0.419,9.236,9.6,0.47,0.524,1.0,0.19899999999999998,98.28,94.0,78.33,94.0,0.39299999999999996,2021-11-04
240,22100121.0,1610612748.0,Heat,MIA,Miami,240:00,82.7,86.7,103.5,104.4,-20.8,-17.7,0.643,1.0,14.4,0.33899999999999997,0.708,0.51,19.076,20.0,0.401,0.436,1.0,0.19899999999999998,93.08,90.5,75.42,90.0,0.3720000000000001,2021-11-04
241,22100121.0,1610612738.0,Celtics,BOS,Boston,240:00,103.5,104.4,82.7,86.7,20.8,17.7,0.516,1.0,13.5,0.292,0.6609999999999999,0.49,17.429000000000002,17.6,0.5,0.547,1.0,0.198,93.08,90.5,75.42,91.0,0.628,2021-11-04
242,22100122.0,1610612756.0,Suns,PHX,Phoenix,240:00,120.4,117.1,98.8,105.7,21.6,11.4,0.659,2.42,20.1,0.265,0.74,0.505,11.751,11.4,0.5479999999999999,0.596,1.0,0.20199999999999999,107.22,105.0,87.5,105.0,0.578,2021-11-04
243,22100122.0,1610612745.0,Rockets,HOU,Houston,240:00,98.8,105.7,120.4,117.1,-21.6,-11.4,0.6579999999999999,1.32,17.4,0.26,0.735,0.495,16.916,18.1,0.5,0.5589999999999999,1.0,0.19399999999999998,107.22,105.0,87.5,105.0,0.42200000000000004,2021-11-04
244,22100123.0,1610612760.0,Thunder,OKC,Oklahoma City,240:00,104.5,107.0,104.5,104.0,-0.1,3.0,0.622,1.44,16.9,0.28300000000000003,0.684,0.491,15.619000000000002,16.0,0.517,0.5489999999999999,1.0,0.19899999999999998,100.96,100.0,83.33,100.0,0.524,2021-11-04
245,22100123.0,1610612747.0,Lakers,LAL,Los Angeles,240:00,104.5,104.0,104.5,107.0,0.1,-3.0,0.564,1.57,16.0,0.316,0.7170000000000001,0.509,14.073,14.0,0.479,0.512,1.0,0.19899999999999998,100.96,100.0,83.33,100.0,0.47600000000000003,2021-11-04
246,22100124.0,1610612765.0,Pistons,DET,Detroit,240:00,88.3,91.8,96.8,96.0,-8.5,-4.2,0.515,1.21,13.5,0.196,0.841,0.48,13.736,14.3,0.443,0.474,1.0,0.198,100.54,99.0,82.5,98.0,0.436,2021-11-05
247,22100124.0,1610612751.0,Nets,BKN,Brooklyn,240:00,96.8,96.0,88.3,91.8,8.5,4.2,0.6940000000000001,1.47,19.5,0.159,0.804,0.52,17.144000000000002,17.0,0.519,0.557,1.0,0.198,100.54,99.0,82.5,100.0,0.564,2021-11-05
248,22100125.0,1610612759.0,Spurs,SAS,San Antonio,240:00,96.3,101.0,85.2,89.0,11.1,12.0,0.575,1.77,17.2,0.22,0.782,0.514,12.273,12.9,0.478,0.521,1.0,0.198,105.16,100.5,83.75,101.0,0.575,2021-11-05
249,22100125.0,1610612753.0,Magic,ORL,Orlando,240:00,85.2,89.0,96.3,101.0,-11.1,-12.0,0.657,1.28,17.1,0.218,0.78,0.486,17.241,18.0,0.461,0.476,1.0,0.199,105.16,100.5,83.75,100.0,0.425,2021-11-05
250,22100126.0,1610612764.0,Wizards,WAS,Washington,240:00,110.9,113.9,86.6,86.1,24.3,27.7,0.6940000000000001,1.79,23.8,0.263,0.79,0.59,18.319000000000006,18.8,0.643,0.6409999999999999,1.0,0.199,102.1,101.0,84.17,101.0,0.679,2021-11-05
251,22100126.0,1610612763.0,Grizzlies,MEM,Memphis,240:00,86.6,86.1,110.9,113.9,-24.3,-27.7,0.5589999999999999,2.11,14.5,0.21,0.737,0.41,8.957,8.9,0.385,0.42,1.0,0.199,102.1,101.0,84.17,101.0,0.321,2021-11-05
252,22100127.0,1610612761.0,Raptors,TOR,Toronto,240:00,106.4,111.0,103.7,113.3,2.7,-2.3,0.476,1.82,14.9,0.456,0.5870000000000001,0.515,11.584,12.1,0.485,0.49,1.0,0.198,96.66,90.5,75.42,91.0,0.482,2021-11-05
253,22100127.0,1610612739.0,Cavaliers,CLE,Cleveland,240:00,103.7,113.3,106.4,111.0,-2.7,2.3,0.579,1.16,16.7,0.413,0.544,0.485,19.317,21.1,0.524,0.564,1.0,0.198,96.66,90.5,75.42,90.0,0.518,2021-11-05
254,22100128.0,1610612752.0,Knicks,NYK,New York,240:00,111.4,114.1,99.8,99.0,11.6,15.2,0.39,1.14,11.6,0.439,0.8270000000000001,0.624,13.800999999999998,14.1,0.479,0.526,1.0,0.199,99.84,99.0,82.5,99.0,0.5920000000000001,2021-11-05
255,22100128.0,1610612749.0,Bucks,MIL,Milwaukee,240:00,99.8,99.0,111.4,114.1,-11.6,-15.2,0.5760000000000001,1.36,15.3,0.173,0.561,0.376,14.251,14.1,0.5,0.537,1.0,0.201,99.84,99.0,82.5,99.0,0.408,2021-11-05
256,22100129.0,1610612750.0,Timberwolves,MIN,Minnesota,240:00,78.4,80.8,99.9,101.0,-21.5,-20.2,0.5479999999999999,0.77,13.0,0.2,0.6729999999999999,0.426,20.545,21.2,0.444,0.456,1.0,0.196,105.58,103.5,86.25,104.0,0.266,2021-11-05
257,22100129.0,1610612746.0,Clippers,LAC,LA,240:00,99.9,101.0,78.4,80.8,21.5,20.2,0.5,1.06,13.1,0.327,0.8,0.574,16.334,16.5,0.443,0.509,1.0,0.202,105.58,103.5,86.25,103.0,0.7340000000000001,2021-11-05
258,22100130.0,1610612740.0,Pelicans,NOP,New Orleans,240:00,82.5,87.6,127.1,126.0,-44.6,-38.4,0.742,1.15,16.8,0.28600000000000003,0.727,0.48,19.41,20.6,0.42,0.452,1.0,0.195,101.1,98.5,82.08,97.0,0.27,2021-11-05
259,22100130.0,1610612744.0,Warriors,GSW,Golden State,240:00,127.1,126.0,82.5,87.6,44.6,38.4,0.7659999999999999,3.0,25.0,0.273,0.7140000000000001,0.52,12.102,12.0,0.633,0.655,1.0,0.198,101.1,98.5,82.08,100.0,0.73,2021-11-05
260,22100131.0,1610612757.0,Trail Blazers,POR,Portland,240:00,113.9,114.6,110.0,110.4,3.9,4.2,0.675,1.93,20.8,0.18600000000000005,0.787,0.5,14.493,14.6,0.591,0.621,1.0,0.197,96.5,96.0,80.0,96.0,0.525,2021-11-05
261,22100131.0,1610612754.0,Pacers,IND,Indiana,240:00,110.0,110.4,113.9,114.6,-3.9,-4.2,0.6509999999999999,2.55,21.3,0.213,0.8140000000000001,0.5,11.411,11.5,0.568,0.574,1.0,0.201,96.5,96.0,80.0,96.0,0.475,2021-11-05
262,22100132.0,1610612758.0,Kings,SAC,Sacramento,240:00,135.3,135.9,105.5,105.8,29.8,30.2,0.604,1.61,19.9,0.359,0.815,0.624,17.401,17.5,0.6779999999999999,0.711,1.0,0.199,103.84,103.5,86.25,103.0,0.617,2021-11-05
263,22100132.0,1610612766.0,Hornets,CHA,Charlotte,240:00,105.5,105.8,135.3,135.9,-29.8,-30.2,0.674,2.9,20.7,0.185,0.6409999999999999,0.376,9.593,9.6,0.527,0.5429999999999999,1.0,0.2,103.84,103.5,86.25,104.0,0.383,2021-11-05
264,22100133.0,1610612745.0,Rockets,HOU,Houston,240:00,98.4,95.9,97.5,97.9,0.9,-2.0,0.5429999999999999,1.12,15.6,0.182,0.7959999999999999,0.52,17.79,17.3,0.52,0.5489999999999999,1.0,0.19899999999999998,96.52,97.5,81.25,98.0,0.521,2021-11-06
265,22100133.0,1610612743.0,Nuggets,DEN,Denver,240:00,97.5,97.9,98.4,95.9,-0.9,2.0,0.528,1.73,15.0,0.204,0.818,0.48,11.284,11.3,0.455,0.4920000000000001,1.0,0.19899999999999998,96.52,97.5,81.25,97.0,0.479,2021-11-06
266,22100134.0,1610612762.0,Jazz,UTA,Utah,240:00,127.3,125.0,127.6,129.7,-0.3,-4.7,0.605,4.33,21.1,0.209,0.706,0.429,6.64,6.5,0.608,0.629,1.0,0.201,91.42,91.5,76.25,92.0,0.485,2021-11-06
267,22100134.0,1610612748.0,Heat,MIA,Miami,240:00,127.6,129.7,127.3,125.0,0.3,4.7,0.638,2.14,23.2,0.294,0.7909999999999999,0.5710000000000001,15.138,15.4,0.6729999999999999,0.69,1.0,0.201,91.42,91.5,76.25,91.0,0.515,2021-11-06
268,22100135.0,1610612755.0,76ers,PHI,Philadelphia,240:00,117.1,118.8,109.1,109.4,7.9,9.4,0.512,1.57,17.5,0.231,0.643,0.474,14.38,14.6,0.611,0.638,1.0,0.19899999999999998,96.78,96.0,80.0,96.0,0.565,2021-11-06
269,22100135.0,1610612741.0,Bulls,CHI,Chicago,240:00,109.1,109.4,117.1,118.8,-7.9,-9.4,0.541,2.22,14.9,0.35700000000000004,0.769,0.526,9.356,9.4,0.44,0.499,1.0,0.2,96.78,96.0,80.0,96.0,0.435,2021-11-06
270,22100136.0,1610612742.0,Mavericks,DAL,Dallas,240:00,116.1,115.1,108.3,111.8,7.8,3.2,0.46299999999999997,1.27,16.1,0.243,0.723,0.512,16.276,16.1,0.609,0.636,1.0,0.20199999999999999,94.1,93.0,77.5,93.0,0.53,2021-11-06
271,22100136.0,1610612738.0,Celtics,BOS,Boston,240:00,108.3,111.8,116.1,115.1,-7.8,-3.2,0.47600000000000003,1.82,16.1,0.27699999999999997,0.757,0.488,11.454,11.8,0.541,0.5589999999999999,1.0,0.2,94.1,93.0,77.5,93.0,0.47,2021-11-06
272,22100137.0,1610612756.0,Suns,PHX,Phoenix,240:00,116.1,114.2,111.3,111.4,4.8,2.7,0.578,2.17,19.2,0.13,0.7190000000000001,0.456,11.512,11.3,0.591,0.622,1.0,0.2,104.68,105.5,87.92,106.0,0.55,2021-11-06
273,22100137.0,1610612737.0,Hawks,ATL,Atlanta,240:00,111.3,111.4,116.1,114.2,-4.8,-2.7,0.429,1.5,13.1,0.281,0.87,0.544,11.415999999999999,11.4,0.5,0.546,1.0,0.201,104.68,105.5,87.92,105.0,0.45,2021-11-06
274,22100138.0,1610612757.0,Trail Blazers,POR,Portland,240:00,99.5,98.1,82.9,84.1,16.6,14.0,0.611,1.83,15.8,0.21,0.75,0.475,11.368,11.2,0.45799999999999996,0.4970000000000001,1.0,0.19899999999999998,107.06,107.0,89.17,107.0,0.5539999999999999,2021-11-06
275,22100138.0,1610612747.0,Lakers,LAL,Los Angeles,240:00,82.9,84.1,99.5,98.1,-16.6,-14.0,0.645,1.05,14.3,0.25,0.79,0.525,17.502,17.8,0.39399999999999996,0.447,1.0,0.20199999999999999,107.06,107.0,89.17,107.0,0.446,2021-11-06
276,22100139.0,1610612761.0,Raptors,TOR,Toronto,240:00,108.5,109.6,125.0,123.4,-16.5,-13.8,0.561,2.88,18.3,0.208,0.7,0.4320000000000001,8.427999999999999,8.5,0.511,0.5429999999999999,1.0,0.198,93.86,94.0,78.33,94.0,0.449,2021-11-07
277,22100139.0,1610612751.0,Nets,BKN,Brooklyn,240:00,125.0,123.4,108.5,109.6,16.5,13.8,0.7070000000000001,1.71,21.7,0.3,0.792,0.568,18.319000000000006,18.1,0.627,0.6609999999999999,1.0,0.197,93.86,94.0,78.33,94.0,0.551,2021-11-07
278,22100140.0,1610612752.0,Knicks,NYK,New York,240:00,109.5,109.0,125.0,128.6,-15.5,-19.6,0.5379999999999999,1.91,16.5,0.188,0.667,0.411,11.049,11.0,0.512,0.57,1.0,0.195,100.2,99.0,82.5,100.0,0.431,2021-11-07
279,22100140.0,1610612739.0,Cavaliers,CLE,Cleveland,240:00,125.0,128.6,109.5,109.0,15.5,19.6,0.633,1.82,21.7,0.333,0.813,0.589,16.858,17.3,0.65,0.664,1.0,0.197,100.2,99.0,82.5,98.0,0.569,2021-11-07
280,22100141.0,1610612762.0,Jazz,UTA,Utah,240:00,96.4,103.1,109.4,110.3,-13.0,-7.2,0.618,1.17,14.9,0.439,0.778,0.588,17.348,18.6,0.4270000000000001,0.491,1.0,0.199,100.8,97.0,80.83,97.0,0.455,2021-11-07
281,22100141.0,1610612753.0,Magic,ORL,Orlando,240:00,109.4,110.3,96.4,103.1,13.0,7.2,0.5579999999999999,1.85,18.6,0.222,0.561,0.412,13.287,13.4,0.563,0.583,1.0,0.2,100.8,97.0,80.83,97.0,0.545,2021-11-07
282,22100142.0,1610612764.0,Wizards,WAS,Washington,240:00,99.3,102.0,95.0,94.9,4.3,7.1,0.585,1.26,18.5,0.175,0.6829999999999999,0.48,18.679,19.2,0.574,0.5820000000000001,1.0,0.199,100.32,99.0,82.5,99.0,0.55,2021-11-07
283,22100142.0,1610612749.0,Bucks,MIL,Milwaukee,240:00,95.0,94.9,99.3,102.0,-4.3,-7.1,0.459,1.31,12.9,0.317,0.825,0.52,13.142,13.1,0.447,0.461,1.0,0.198,100.32,99.0,82.5,99.0,0.45,2021-11-07
284,22100143.0,1610612758.0,Kings,SAC,Sacramento,240:00,93.2,95.8,95.0,96.9,-1.9,-1.1,0.645,1.67,15.9,0.204,0.596,0.386,12.285,12.6,0.429,0.486,1.0,0.201,98.3,96.0,80.0,95.0,0.5,2021-11-07
285,22100143.0,1610612754.0,Pacers,IND,Indiana,240:00,95.0,96.9,93.2,95.8,1.9,1.1,0.35100000000000003,0.62,10.4,0.404,0.7959999999999999,0.614,21.229,21.6,0.482,0.517,1.0,0.197,98.3,96.0,80.0,97.0,0.5,2021-11-07
286,22100144.0,1610612759.0,Spurs,SAS,San Antonio,240:00,92.2,93.1,96.3,98.0,-4.1,-5.0,0.7070000000000001,3.22,20.4,0.213,0.7,0.455,8.827,8.9,0.44,0.452,1.0,0.2,102.38,101.0,84.17,101.0,0.51,2021-11-07
287,22100144.0,1610612760.0,Thunder,OKC,Oklahoma City,240:00,96.3,98.0,92.2,93.1,4.1,5.0,0.6,1.4,15.1,0.3,0.787,0.545,14.591,14.9,0.436,0.482,1.0,0.197,102.38,101.0,84.17,101.0,0.49,2021-11-07
288,22100145.0,1610612745.0,Rockets,HOU,Houston,240:00,102.6,104.9,115.6,116.5,-13.0,-11.6,0.472,0.81,12.8,0.28,0.7440000000000001,0.495,20.138,20.6,0.519,0.562,1.0,0.198,104.04,102.5,85.42,102.0,0.416,2021-11-07
289,22100145.0,1610612744.0,Warriors,GSW,Golden State,240:00,115.6,116.5,102.6,104.9,13.0,11.6,0.705,1.82,21.9,0.256,0.72,0.505,16.378,16.5,0.606,0.64,1.0,0.197,104.04,102.5,85.42,103.0,0.584,2021-11-07
290,22100146.0,1610612746.0,Clippers,LAC,LA,240:00,110.9,114.3,96.4,101.9,14.4,12.4,0.585,1.2,17.2,0.28300000000000003,0.7190000000000001,0.536,18.477,19.0,0.581,0.63,1.0,0.2,109.08,104.5,87.08,105.0,0.598,2021-11-07
291,22100146.0,1610612766.0,Hornets,CHA,Charlotte,240:00,96.4,101.9,110.9,114.3,-14.4,-12.4,0.488,1.54,14.1,0.281,0.7170000000000001,0.464,11.827,12.5,0.455,0.487,1.0,0.197,109.08,104.5,87.08,104.0,0.402,2021-11-07
292,22100147.0,1610612755.0,76ers,PHI,Philadelphia,240:00,101.0,102.1,107.6,108.4,-6.6,-6.3,0.5710000000000001,2.22,15.7,0.25,0.6729999999999999,0.45399999999999996,9.47,9.6,0.456,0.49,1.0,0.198,95.38,94.5,78.75,94.0,0.47,2021-11-08
293,22100147.0,1610612752.0,Knicks,NYK,New York,240:00,107.6,108.4,101.0,102.1,6.6,6.3,0.625,1.92,18.6,0.327,0.75,0.546,13.581,13.7,0.511,0.532,1.0,0.19899999999999998,95.38,94.5,78.75,95.0,0.53,2021-11-08
294,22100148.0,1610612741.0,Bulls,CHI,Chicago,240:00,117.1,116.8,91.9,95.0,25.2,21.8,0.457,2.33,15.4,0.327,0.815,0.569,8.929,8.9,0.515,0.552,1.0,0.2,102.08,100.5,83.75,101.0,0.605,2021-11-08
295,22100148.0,1610612751.0,Nets,BKN,Brooklyn,240:00,91.9,95.0,117.1,116.8,-25.2,-21.8,0.5589999999999999,1.27,14.8,0.185,0.6729999999999999,0.431,14.512,15.0,0.45899999999999996,0.503,1.0,0.198,102.08,100.5,83.75,100.0,0.395,2021-11-08
296,22100149.0,1610612750.0,Timberwolves,MIN,Minnesota,265:00,109.1,112.4,119.7,120.2,-10.5,-7.8,0.561,1.44,15.7,0.322,0.653,0.47200000000000003,14.798,15.2,0.51,0.551,1.0,0.195,96.25,94.64,78.87,105.0,0.42,2021-11-08
297,22100149.0,1610612763.0,Grizzlies,MEM,Memphis,265:00,119.7,120.2,109.1,112.4,10.5,7.8,0.609,1.75,19.0,0.34700000000000003,0.6779999999999999,0.528,15.32,15.4,0.56,0.604,1.0,0.19399999999999998,96.25,94.64,78.87,104.0,0.58,2021-11-08
298,22100150.0,1610612740.0,Pelicans,NOP,New Orleans,240:00,95.0,98.9,114.0,114.9,-19.0,-16.0,0.73,1.93,20.3,0.26899999999999996,0.721,0.474,14.457,15.1,0.47700000000000004,0.501,1.0,0.198,95.78,93.5,77.92,93.0,0.41600000000000004,2021-11-08
299,22100150.0,1610612742.0,Mavericks,DAL,Dallas,240:00,114.0,114.9,95.0,98.9,19.0,16.0,0.628,2.08,20.7,0.27899999999999997,0.731,0.526,13.725,13.8,0.588,0.595,1.0,0.19699999999999998,95.78,93.5,77.92,94.0,0.584,2021-11-08
300,22100151.0,1610612748.0,Heat,MIA,Miami,240:00,100.0,103.2,113.5,120.2,-13.5,-17.0,0.71,1.69,17.7,0.184,0.635,0.41600000000000004,13.542,14.0,0.48100000000000004,0.539,1.0,0.198,97.78,93.5,77.92,93.0,0.41,2021-11-08
301,22100151.0,1610612743.0,Nuggets,DEN,Denver,240:00,113.5,120.2,100.0,103.2,13.5,17.0,0.667,2.8,20.1,0.365,0.816,0.584,10.044,10.6,0.527,0.556,1.0,0.195,97.78,93.5,77.92,94.0,0.59,2021-11-08
302,22100152.0,1610612744.0,Warriors,GSW,Golden State,240:00,120.2,124.5,104.2,108.7,16.0,15.9,0.705,2.21,21.1,0.265,0.733,0.489,13.248,13.7,0.5760000000000001,0.625,1.0,0.19699999999999998,107.06,103.0,85.83,102.0,0.574,2021-11-08
303,22100152.0,1610612737.0,Hawks,ATL,Atlanta,240:00,104.2,108.7,120.2,124.5,-16.0,-15.9,0.5529999999999999,1.17,15.9,0.267,0.735,0.511,16.599,17.3,0.5670000000000001,0.605,1.0,0.201,107.06,103.0,85.83,104.0,0.426,2021-11-08
304,22100153.0,1610612758.0,Kings,SAC,Sacramento,240:00,95.0,99.0,101.1,103.8,-6.0,-4.8,0.486,0.75,13.3,0.27699999999999997,0.8,0.546,21.93,22.9,0.512,0.557,1.0,0.198,108.64,105.0,87.5,105.0,0.435,2021-11-08
305,22100153.0,1610612756.0,Suns,PHX,Phoenix,240:00,101.1,103.8,95.0,99.0,6.0,4.8,0.636,1.87,19.9,0.2,0.723,0.45399999999999996,13.909,14.3,0.5379999999999999,0.557,1.0,0.19899999999999998,108.64,105.0,87.5,105.0,0.565,2021-11-08
306,22100154.0,1610612747.0,Lakers,LAL,Los Angeles,265:00,111.1,111.5,106.7,108.8,4.5,2.7,0.682,2.0,19.8,0.20800000000000002,0.733,0.48700000000000004,13.228,13.3,0.555,0.5920000000000001,1.0,0.19899999999999998,103.57,102.34,85.28,113.0,0.555,2021-11-08
307,22100154.0,1610612766.0,Hornets,CHA,Charlotte,265:00,106.7,108.8,111.1,111.5,-4.5,-2.7,0.535,1.28,15.1,0.267,0.792,0.513,15.609000000000002,15.9,0.505,0.552,1.0,0.195,103.57,102.34,85.28,113.0,0.445,2021-11-08
308,22100155.0,1610612755.0,76ers,PHI,Philadelphia,240:00,106.6,111.2,116.6,118.0,-10.0,-6.8,0.5,3.0,15.4,0.27899999999999997,0.691,0.474,6.843999999999999,7.1,0.47600000000000003,0.503,1.0,0.2,101.76,99.0,82.5,98.0,0.43799999999999994,2021-11-09
309,22100155.0,1610612749.0,Bucks,MIL,Milwaukee,240:00,116.6,118.0,106.6,111.2,10.0,6.8,0.47700000000000004,2.33,15.6,0.309,0.721,0.526,8.89,9.0,0.542,0.5660000000000001,1.0,0.198,101.76,99.0,82.5,100.0,0.563,2021-11-09
310,22100156.0,1610612762.0,Jazz,UTA,Utah,240:00,115.7,119.6,101.7,106.5,14.1,13.0,0.512,1.4,16.9,0.33299999999999996,0.765,0.57,15.783,16.3,0.599,0.625,1.0,0.2,95.72,92.0,76.67,92.0,0.58,2021-11-09
311,22100156.0,1610612737.0,Hawks,ATL,Atlanta,240:00,101.7,106.5,115.7,119.6,-14.1,-13.0,0.595,1.69,17.7,0.235,0.667,0.43,13.485,14.1,0.541,0.5479999999999999,1.0,0.195,95.72,92.0,76.67,92.0,0.42,2021-11-09
312,22100157.0,1610612757.0,Trail Blazers,POR,Portland,240:00,112.0,113.5,121.4,120.6,-9.4,-7.1,0.674,2.9,21.4,0.2,0.841,0.5,10.28,10.4,0.5489999999999999,0.5660000000000001,1.0,0.196,96.82,96.5,80.42,96.0,0.486,2021-11-09
313,22100157.0,1610612746.0,Clippers,LAC,LA,240:00,121.4,120.6,112.0,113.5,9.4,7.1,0.568,3.13,19.8,0.159,0.8,0.5,8.302,8.2,0.612,0.627,1.0,0.19899999999999998,96.82,96.5,80.42,97.0,0.514,2021-11-09
314,22100158.0,1610612764.0,Wizards,WAS,Washington,240:00,106.0,104.3,99.7,101.1,6.3,3.2,0.7140000000000001,2.08,19.5,0.265,0.826,0.537,13.118,12.9,0.476,0.53,1.0,0.201,92.86,93.0,77.5,93.0,0.537,2021-11-10
315,22100158.0,1610612739.0,Cavaliers,CLE,Cleveland,240:00,99.7,101.1,106.0,104.3,-6.3,-3.2,0.6,1.4,17.3,0.174,0.735,0.463,15.917,16.1,0.52,0.551,1.0,0.196,92.86,93.0,77.5,93.0,0.463,2021-11-10
316,22100159.0,1610612753.0,Magic,ORL,Orlando,240:00,83.7,86.5,116.6,116.0,-32.9,-29.5,0.5429999999999999,1.12,13.7,0.262,0.804,0.495,15.805,16.3,0.402,0.439,1.0,0.201,106.52,105.0,87.5,104.0,0.332,2021-11-10
317,22100159.0,1610612751.0,Nets,BKN,Brooklyn,240:00,116.6,116.0,83.7,86.5,32.9,29.5,0.63,1.93,20.4,0.196,0.738,0.505,14.220999999999998,14.2,0.593,0.624,1.0,0.196,106.52,105.0,87.5,106.0,0.6679999999999999,2021-11-10
318,22100160.0,1610612761.0,Raptors,TOR,Toronto,240:00,90.4,89.8,100.4,105.1,-10.0,-15.3,0.606,1.11,16.2,0.182,0.648,0.439,18.488,18.4,0.468,0.515,1.0,0.201,100.48,98.5,82.08,98.0,0.456,2021-11-10
319,22100160.0,1610612738.0,Celtics,BOS,Boston,240:00,100.4,105.1,90.4,89.8,10.0,15.3,0.5,1.4,15.4,0.35200000000000004,0.818,0.561,14.479,15.2,0.5,0.517,1.0,0.199,100.48,98.5,82.08,99.0,0.544,2021-11-10
320,22100161.0,1610612752.0,Knicks,NYK,New York,240:00,105.8,105.3,116.7,117.9,-10.9,-12.6,0.528,1.73,15.8,0.204,0.667,0.44,11.643,11.6,0.53,0.5529999999999999,1.0,0.199,95.22,95.0,79.17,95.0,0.453,2021-11-10
321,22100161.0,1610612749.0,Bucks,MIL,Milwaukee,240:00,116.7,117.9,105.8,105.3,10.9,12.6,0.725,1.93,21.0,0.333,0.7959999999999999,0.56,15.632,15.8,0.589,0.596,1.0,0.198,95.22,95.0,79.17,95.0,0.547,2021-11-10
322,22100162.0,1610612745.0,Rockets,HOU,Houston,240:00,99.1,104.0,108.8,113.1,-9.7,-9.1,0.486,1.06,13.1,0.302,0.655,0.486,15.244000000000002,16.0,0.5,0.536,1.0,0.195,103.94,99.5,82.92,100.0,0.46,2021-11-10
323,22100162.0,1610612765.0,Pistons,DET,Detroit,240:00,108.8,113.1,99.1,104.0,9.7,9.1,0.5479999999999999,1.64,16.2,0.345,0.698,0.514,13.603,14.1,0.515,0.534,1.0,0.198,103.94,99.5,82.92,99.0,0.54,2021-11-10
324,22100163.0,1610612742.0,Mavericks,DAL,Dallas,240:00,109.7,109.2,119.2,119.4,-9.5,-10.2,0.605,1.92,17.9,0.188,0.778,0.473,12.3,12.2,0.53,0.5720000000000001,1.0,0.201,97.86,98.0,81.67,98.0,0.453,2021-11-10
325,22100163.0,1610612741.0,Bulls,CHI,Chicago,240:00,119.2,119.4,109.7,109.2,9.5,10.2,0.578,2.36,19.7,0.222,0.813,0.527,11.206,11.2,0.59,0.615,1.0,0.2,97.86,98.0,81.67,98.0,0.547,2021-11-10
326,22100164.0,1610612763.0,Grizzlies,MEM,Memphis,240:00,98.5,100.9,108.7,110.3,-10.2,-9.3,0.6,1.69,17.4,0.344,0.78,0.535,14.599,15.0,0.467,0.48,1.0,0.198,109.08,107.0,89.17,107.0,0.439,2021-11-10
327,22100164.0,1610612766.0,Hornets,CHA,Charlotte,240:00,108.7,110.3,98.5,100.9,10.2,9.3,0.78,1.88,21.4,0.22,0.6559999999999999,0.465,15.66,15.9,0.539,0.5870000000000001,1.0,0.197,109.08,107.0,89.17,107.0,0.561,2021-11-10
328,22100165.0,1610612760.0,Thunder,OKC,Oklahoma City,240:00,102.7,109.1,98.0,100.0,4.7,9.1,0.622,1.28,16.3,0.321,0.662,0.516,17.11,18.2,0.483,0.539,1.0,0.195,103.64,99.5,82.92,99.0,0.54,2021-11-10
329,22100165.0,1610612740.0,Pelicans,NOP,New Orleans,240:00,98.0,100.0,102.7,109.1,-4.7,-9.1,0.706,2.4,16.5,0.338,0.679,0.484,9.796,10.0,0.397,0.45,1.0,0.198,103.64,99.5,82.92,100.0,0.46,2021-11-10
330,22100166.0,1610612759.0,Spurs,SAS,San Antonio,240:00,133.8,132.0,114.7,113.6,19.1,18.4,0.6940000000000001,4.25,23.0,0.306,0.7390000000000001,0.516,7.871,7.8,0.63,0.644,1.0,0.202,101.84,103.0,85.83,103.0,0.6,2021-11-10
331,22100166.0,1610612758.0,Kings,SAC,Sacramento,240:00,114.7,113.6,133.8,132.0,-19.1,-18.4,0.426,1.43,15.0,0.261,0.6940000000000001,0.484,13.72,13.6,0.565,0.591,1.0,0.2,101.84,103.0,85.83,103.0,0.4,2021-11-10
332,22100167.0,1610612754.0,Pacers,IND,Indiana,240:00,104.4,106.5,110.0,112.2,-5.6,-5.7,0.55,1.47,17.5,0.326,0.745,0.546,15.985,16.3,0.542,0.552,1.0,0.193,92.82,91.0,75.83,92.0,0.517,2021-11-10
333,22100167.0,1610612743.0,Nuggets,DEN,Denver,240:00,110.0,112.2,104.4,106.5,5.6,5.7,0.528,1.9,15.6,0.255,0.674,0.454,10.893,11.1,0.5,0.544,1.0,0.2,92.82,91.0,75.83,90.0,0.483,2021-11-10
334,22100168.0,1610612757.0,Trail Blazers,POR,Portland,240:00,109.0,110.1,117.5,121.4,-8.5,-11.3,0.545,1.5,17.4,0.34700000000000003,0.7170000000000001,0.526,15.994000000000002,16.2,0.522,0.556,1.0,0.195,100.66,98.5,82.08,99.0,0.452,2021-11-10
335,22100168.0,1610612756.0,Suns,PHX,Phoenix,240:00,117.5,121.4,109.0,110.1,8.5,11.3,0.551,2.45,19.7,0.28300000000000003,0.653,0.474,10.861,11.2,0.58,0.599,1.0,0.196,100.66,98.5,82.08,98.0,0.5479999999999999,2021-11-10
336,22100169.0,1610612750.0,Timberwolves,MIN,Minnesota,240:00,106.0,110.0,124.7,121.8,-18.8,-11.8,0.769,1.76,19.8,0.4,0.511,0.449,16.378,17.0,0.495,0.525,1.0,0.2,101.2,100.5,83.75,100.0,0.393,2021-11-10
337,22100169.0,1610612744.0,Warriors,GSW,Golden State,240:00,124.7,121.8,106.0,110.0,18.8,11.8,0.575,1.44,16.2,0.489,0.6,0.551,16.227,15.8,0.535,0.599,1.0,0.204,101.2,100.5,83.75,101.0,0.607,2021-11-10
338,22100170.0,1610612748.0,Heat,MIA,Miami,265:00,102.3,104.5,106.2,107.1,-3.9,-2.7,0.65,1.86,17.2,0.25,0.74,0.473,12.238,12.5,0.469,0.525,1.0,0.199,102.99,101.43,84.53,112.0,0.4970000000000001,2021-11-10
339,22100170.0,1610612747.0,Lakers,LAL,Los Angeles,265:00,106.2,107.1,102.3,104.5,3.9,2.7,0.565,1.13,17.6,0.26,0.75,0.527,20.347,20.5,0.598,0.606,1.0,0.198,102.99,101.43,84.53,112.0,0.503,2021-11-10
340,22100171.0,1610612761.0,Raptors,TOR,Toronto,240:00,115.6,118.6,109.7,112.4,5.9,6.2,0.595,2.08,17.8,0.389,0.7290000000000001,0.5489999999999999,12.062999999999999,12.4,0.51,0.556,1.0,0.19899999999999998,99.42,97.0,80.83,97.0,0.5,2021-11-11
341,22100171.0,1610612755.0,76ers,PHI,Philadelphia,240:00,109.7,112.4,115.6,118.6,-5.9,-6.2,0.725,2.42,21.1,0.271,0.611,0.451,12.077,12.4,0.517,0.5660000000000001,1.0,0.19899999999999998,99.42,97.0,80.83,97.0,0.5,2021-11-11
342,22100172.0,1610612762.0,Jazz,UTA,Utah,240:00,101.9,101.0,108.4,112.1,-6.5,-11.1,0.564,1.83,17.3,0.163,0.636,0.413,12.23,12.1,0.524,0.537,1.0,0.198,100.24,99.0,82.5,99.0,0.47200000000000003,2021-11-11
343,22100172.0,1610612754.0,Pacers,IND,Indiana,240:00,108.4,112.1,101.9,101.0,6.5,11.1,0.442,1.46,13.9,0.364,0.8370000000000001,0.5870000000000001,12.7,13.1,0.505,0.532,1.0,0.193,100.24,99.0,82.5,99.0,0.528,2021-11-11
344,22100173.0,1610612748.0,Heat,MIA,Miami,240:00,107.4,111.2,110.4,113.1,-3.0,-1.9,0.419,1.2,13.1,0.382,0.6940000000000001,0.529,14.780999999999999,15.3,0.49,0.522,1.0,0.198,101.48,98.5,82.08,98.0,0.446,2021-11-11
345,22100173.0,1610612746.0,Clippers,LAC,LA,240:00,110.4,113.1,107.4,111.2,3.0,1.9,0.465,1.67,15.3,0.306,0.618,0.47100000000000003,11.825,12.1,0.5329999999999999,0.569,1.0,0.201,101.48,98.5,82.08,99.0,0.5539999999999999,2021-11-11
346,22100174.0,1610612752.0,Knicks,NYK,New York,240:00,90.6,96.0,101.4,103.0,-10.8,-7.0,0.472,0.89,12.4,0.339,0.7140000000000001,0.522,17.938,19.0,0.457,0.476,1.0,0.2,104.24,100.5,83.75,100.0,0.401,2021-11-12
347,22100174.0,1610612766.0,Hornets,CHA,Charlotte,240:00,101.4,103.0,90.6,96.0,10.8,7.0,0.6409999999999999,1.79,17.9,0.28600000000000003,0.6609999999999999,0.478,13.651,13.9,0.489,0.517,1.0,0.196,104.24,100.5,83.75,101.0,0.599,2021-11-12
348,22100175.0,1610612749.0,Bucks,MIL,Milwaukee,265:00,108.8,110.8,116.3,118.4,-7.5,-7.7,0.523,1.77,16.6,0.29100000000000004,0.58,0.429,12.519,12.7,0.531,0.5489999999999999,1.0,0.197,94.53,92.83,77.36,102.0,0.4320000000000001,2021-11-12
349,22100175.0,1610612738.0,Celtics,BOS,Boston,265:00,116.3,118.4,108.8,110.8,7.5,7.7,0.468,1.29,15.4,0.42,0.7090000000000001,0.5710000000000001,16.203,16.5,0.552,0.5870000000000001,1.0,0.198,94.53,92.83,77.36,103.0,0.568,2021-11-12
350,22100176.0,1610612765.0,Pistons,DET,Detroit,240:00,79.8,79.6,99.0,102.1,-19.2,-22.5,0.621,0.78,14.3,0.26,0.773,0.5,23.537,23.5,0.424,0.46,1.0,0.199,98.34,97.0,80.83,98.0,0.383,2021-11-12
351,22100176.0,1610612739.0,Cavaliers,CLE,Cleveland,240:00,99.0,102.1,79.8,79.6,19.2,22.5,0.6920000000000001,1.29,20.2,0.227,0.74,0.5,21.221,21.9,0.561,0.57,1.0,0.194,98.34,97.0,80.83,96.0,0.617,2021-11-12
352,22100177.0,1610612757.0,Trail Blazers,POR,Portland,240:00,100.3,105.1,91.2,92.0,9.1,13.1,0.618,1.5,15.5,0.259,0.804,0.526,13.508,14.1,0.454,0.517,1.0,0.195,102.26,99.5,82.92,99.0,0.5760000000000001,2021-11-12
353,22100177.0,1610612745.0,Rockets,HOU,Houston,240:00,91.2,92.0,100.3,105.1,-9.1,-13.1,0.382,1.0,10.6,0.196,0.741,0.474,12.887,13.0,0.441,0.475,1.0,0.198,102.26,99.5,82.92,100.0,0.424,2021-11-12
354,22100178.0,1610612756.0,Suns,PHX,Phoenix,240:00,112.3,114.4,88.6,89.5,23.7,24.9,0.609,2.33,20.3,0.125,0.701,0.461,11.325,11.5,0.585,0.607,1.0,0.198,106.04,104.5,87.08,104.0,0.638,2021-11-12
355,22100178.0,1610612763.0,Grizzlies,MEM,Memphis,240:00,88.6,89.5,112.3,114.4,-23.7,-24.9,0.514,1.27,13.4,0.299,0.875,0.539,14.135,14.3,0.413,0.435,1.0,0.198,106.04,104.5,87.08,105.0,0.362,2021-11-12
356,22100179.0,1610612740.0,Pelicans,NOP,New Orleans,240:00,113.1,116.7,122.6,123.7,-9.5,-7.0,0.605,1.63,19.0,0.34,0.762,0.539,16.155,16.7,0.563,0.589,1.0,0.198,98.46,96.5,80.42,96.0,0.459,2021-11-12
357,22100179.0,1610612751.0,Nets,BKN,Brooklyn,240:00,122.6,123.7,113.1,116.7,9.5,7.0,0.659,2.25,20.5,0.238,0.66,0.461,12.26,12.4,0.617,0.6459999999999999,1.0,0.198,98.46,96.5,80.42,97.0,0.541,2021-11-12
358,22100180.0,1610612758.0,Kings,SAC,Sacramento,240:00,97.6,104.0,105.4,106.1,-7.8,-2.0,0.526,1.43,14.7,0.322,0.69,0.504,13.273,14.1,0.474,0.503,1.0,0.197,102.54,99.0,82.5,99.0,0.512,2021-11-12
359,22100180.0,1610612760.0,Thunder,OKC,Oklahoma City,240:00,105.4,106.1,97.6,104.0,7.8,2.0,0.31,1.3,10.1,0.31,0.6779999999999999,0.496,10.04,10.1,0.475,0.4970000000000001,1.0,0.199,102.54,99.0,82.5,99.0,0.488,2021-11-12
360,22100181.0,1610612759.0,Spurs,SAS,San Antonio,240:00,106.0,110.1,117.9,121.8,-11.8,-11.7,0.732,2.31,22.1,0.149,0.7020000000000001,0.452,12.646,13.1,0.565,0.5870000000000001,1.0,0.2,103.58,100.0,83.33,99.0,0.454,2021-11-12
361,22100181.0,1610612742.0,Mavericks,DAL,Dallas,240:00,117.9,121.8,106.0,110.1,11.8,11.7,0.652,5.0,20.8,0.298,0.851,0.5479999999999999,5.749,5.9,0.55,0.568,1.0,0.199,103.58,100.0,83.33,101.0,0.546,2021-11-12
362,22100182.0,1610612743.0,Nuggets,DEN,Denver,240:00,108.5,110.5,99.8,103.2,8.7,7.3,0.65,3.25,19.6,0.278,0.7240000000000001,0.509,8.264,8.4,0.5,0.531,1.0,0.197,96.52,94.0,78.33,95.0,0.5720000000000001,2021-11-12
363,22100182.0,1610612737.0,Hawks,ATL,Atlanta,240:00,99.8,103.2,108.5,110.5,-8.7,-7.3,0.526,2.5,15.4,0.276,0.722,0.491,8.312999999999999,8.6,0.435,0.469,1.0,0.198,96.52,94.0,78.33,93.0,0.428,2021-11-12
364,22100183.0,1610612744.0,Warriors,GSW,Golden State,240:00,114.4,117.8,92.4,93.0,22.0,24.8,0.6,1.69,18.9,0.3670000000000001,0.7829999999999999,0.568,15.379,15.8,0.565,0.595,1.0,0.2,102.36,100.5,83.75,101.0,0.635,2021-11-12
365,22100183.0,1610612741.0,Bulls,CHI,Chicago,240:00,92.4,93.0,114.4,117.8,-22.0,-24.8,0.529,0.9,14.3,0.217,0.633,0.4320000000000001,19.865,20.0,0.487,0.53,1.0,0.202,102.36,100.5,83.75,100.0,0.365,2021-11-12
366,22100184.0,1610612750.0,Timberwolves,MIN,Minnesota,240:00,105.6,110.3,83.2,86.5,22.5,23.9,0.5579999999999999,1.5,17.2,0.377,0.732,0.56,15.798,16.5,0.521,0.539,1.0,0.196,100.54,96.5,80.42,97.0,0.609,2021-11-12
367,22100184.0,1610612747.0,Lakers,LAL,Los Angeles,240:00,83.2,86.5,105.6,110.3,-22.5,-23.9,0.586,0.85,13.3,0.268,0.623,0.44,20.04,20.8,0.409,0.457,1.0,0.197,100.54,96.5,80.42,96.0,0.391,2021-11-12
368,22100185.0,1610612762.0,Jazz,UTA,Utah,240:00,104.0,107.1,111.0,114.4,-7.0,-7.3,0.657,1.35,16.9,0.302,0.636,0.45399999999999996,16.832,17.3,0.512,0.547,1.0,0.196,100.52,97.5,81.25,98.0,0.46799999999999997,2021-11-13
369,22100185.0,1610612748.0,Heat,MIA,Miami,240:00,111.0,114.4,104.0,107.1,7.0,7.3,0.5479999999999999,1.1,16.9,0.364,0.698,0.546,20.991999999999997,21.6,0.5710000000000001,0.603,1.0,0.195,100.52,97.5,81.25,97.0,0.532,2021-11-13
370,22100186.0,1610612755.0,76ers,PHI,Philadelphia,240:00,115.6,120.2,122.2,122.9,-6.6,-2.7,0.42100000000000004,1.14,12.1,0.415,0.7440000000000001,0.5539999999999999,14.321,14.9,0.494,0.555,1.0,0.2,97.18,95.0,79.17,94.0,0.419,2021-11-13
371,22100186.0,1610612754.0,Pacers,IND,Indiana,240:00,122.2,122.9,115.6,120.2,6.6,2.7,0.7020000000000001,2.2,24.2,0.256,0.585,0.446,15.527999999999999,15.6,0.659,0.6659999999999999,1.0,0.19899999999999998,97.18,95.0,79.17,96.0,0.581,2021-11-13
372,22100187.0,1610612764.0,Wizards,WAS,Washington,240:00,106.8,108.3,92.2,95.8,14.6,12.5,0.69,1.81,21.7,0.233,0.6940000000000001,0.505,16.427,16.7,0.5710000000000001,0.588,1.0,0.19699999999999998,98.6,96.0,80.0,96.0,0.62,2021-11-13
373,22100187.0,1610612753.0,Magic,ORL,Orlando,240:00,92.2,95.8,106.8,108.3,-14.6,-12.5,0.677,1.62,15.6,0.306,0.767,0.495,13.026,13.5,0.408,0.456,1.0,0.2,98.6,96.0,80.0,96.0,0.38,2021-11-13
374,22100188.0,1610612740.0,Pelicans,NOP,New Orleans,240:00,116.7,123.1,108.3,109.8,8.3,13.3,0.763,2.07,21.8,0.35700000000000004,0.6729999999999999,0.532,14.583,15.4,0.57,0.622,1.0,0.2,94.62,91.5,76.25,91.0,0.556,2021-11-13
375,22100188.0,1610612763.0,Grizzlies,MEM,Memphis,240:00,108.3,109.8,116.7,123.1,-8.3,-13.3,0.5529999999999999,2.33,16.5,0.327,0.643,0.46799999999999997,9.652999999999999,9.8,0.47700000000000004,0.519,1.0,0.2,94.62,91.5,76.25,92.0,0.444,2021-11-13
376,22100189.0,1610612761.0,Raptors,TOR,Toronto,240:00,122.7,124.7,130.7,132.3,-8.0,-7.5,0.47700000000000004,1.62,15.6,0.41700000000000004,0.703,0.541,13.179,13.4,0.58,0.601,1.0,0.201,97.92,96.5,80.42,97.0,0.428,2021-11-13
377,22100189.0,1610612765.0,Pistons,DET,Detroit,240:00,130.7,132.3,122.7,124.7,8.0,7.5,0.7909999999999999,2.43,24.3,0.297,0.583,0.45899999999999996,14.402999999999999,14.6,0.639,0.6890000000000001,1.0,0.198,97.92,96.5,80.42,96.0,0.5720000000000001,2021-11-13
378,22100190.0,1610612739.0,Cavaliers,CLE,Cleveland,240:00,98.2,95.8,92.8,93.7,5.4,2.1,0.5479999999999999,1.55,14.3,0.196,0.711,0.43799999999999994,11.869000000000002,11.6,0.444,0.502,1.0,0.203,94.3,95.0,79.17,95.0,0.48,2021-11-13
379,22100190.0,1610612738.0,Celtics,BOS,Boston,240:00,92.8,93.7,98.2,95.8,-5.4,-2.1,0.606,1.0,15.9,0.289,0.804,0.563,20.851,21.1,0.462,0.518,1.0,0.198,94.3,95.0,79.17,95.0,0.52,2021-11-13
380,22100191.0,1610612750.0,Timberwolves,MIN,Minnesota,240:00,94.4,99.0,122.9,122.9,-28.5,-23.8,0.625,2.27,17.2,0.254,0.652,0.41600000000000004,10.181000000000001,10.7,0.446,0.46799999999999997,1.0,0.198,106.5,104.0,86.67,103.0,0.35,2021-11-13
381,22100191.0,1610612746.0,Clippers,LAC,LA,240:00,122.9,122.9,94.4,99.0,28.5,23.8,0.66,2.5,23.0,0.348,0.746,0.584,13.338,13.3,0.616,0.626,1.0,0.2,106.5,104.0,86.67,105.0,0.65,2021-11-13
382,0022100192,1610612759.0,Spurs,SAS,San Antonio,240:00,105.4,109.3,116.9,116.3,-11.6,-7.0,0.7,1.87,20.1,0.302,0.744,0.5,14.911,15.5,0.533,0.549,1.0,0.201,99.04,97.5,81.25,97.0,0.449,2021-11-14
383,0022100192,1610612747.0,Lakers,LAL,Los Angeles,240:00,116.9,116.3,105.4,109.3,11.6,7.0,0.651,1.75,20.8,0.256,0.698,0.5,16.414,16.3,0.608,0.63,1.0,0.195,99.04,97.5,81.25,98.0,0.551,2021-11-14
384,0022100193,1610612749.0,Bucks,MIL,Milwaukee,240:00,102.0,103.1,119.1,123.7,-17.1,-20.6,0.632,2.18,19.0,0.167,0.58,0.378,11.22,11.3,0.536,0.549,1.0,0.202,99.38,97.0,80.83,97.0,0.432,2021-11-14
385,0022100193,1610612737.0,Hawks,ATL,Atlanta,240:00,119.1,123.7,102.0,103.1,17.1,20.6,0.447,1.62,15.4,0.42,0.833,0.622,12.907,13.4,0.562,0.584,1.0,0.199,99.38,97.0,80.83,97.0,0.568,2021-11-14
386,0022100194,1610612744.0,Warriors,GSW,Golden State,240:00,97.1,102.0,103.6,106.0,-6.5,-4.0,0.816,2.07,21.1,0.268,0.854,0.538,14.286,15.0,0.472,0.505,1.0,0.197,103.64,100.0,83.33,100.0,0.508,2021-11-14
387,0022100194,1610612766.0,Hornets,CHA,Charlotte,240:00,103.6,106.0,97.1,102.0,6.5,4.0,0.548,1.77,17.8,0.146,0.732,0.462,12.71,13.0,0.557,0.568,1.0,0.194,103.64,100.0,83.33,100.0,0.492,2021-11-14
388,0022100195,1610612756.0,Suns,PHX,Phoenix,240:00,110.8,111.7,83.2,87.3,27.6,24.4,0.452,1.9,14.1,0.276,0.778,0.518,9.634,9.7,0.505,0.543,1.0,0.199,105.36,102.5,85.42,103.0,0.641,2021-11-14
389,0022100195,1610612745.0,Rockets,HOU,Houston,240:00,83.2,87.3,110.8,111.7,-27.6,-24.4,0.543,0.83,14.1,0.222,0.724,0.482,21.511,22.5,0.453,0.479,1.0,0.195,105.36,102.5,85.42,102.0,0.359,2021-11-14
390,0022100196,1610612760.0,Thunder,OKC,Oklahoma City,240:00,97.1,96.0,120.9,122.4,-23.8,-26.4,0.556,1.43,15.5,0.241,0.833,0.5,14.164,14.0,0.478,0.506,1.0,0.2,99.04,99.0,82.5,100.0,0.365,2021-11-14
391,0022100196,1610612751.0,Nets,BKN,Brooklyn,240:00,120.9,122.4,97.1,96.0,23.8,26.4,0.756,2.07,22.6,0.167,0.759,0.5,15.115,15.3,0.61,0.658,1.0,0.194,99.04,99.0,82.5,98.0,0.635,2021-11-14
392,0022100197,1610612757.0,Trail Blazers,POR,Portland,240:00,104.7,103.3,133.1,136.3,-28.4,-33.0,0.629,1.69,18.2,0.222,0.622,0.422,14.33,14.1,0.519,0.554,1.0,0.199,91.94,91.5,76.25,92.0,0.389,2021-11-14
393,0022100197,1610612743.0,Nuggets,DEN,Denver,240:00,133.1,136.3,104.7,103.3,28.4,33.0,0.617,2.64,21.3,0.378,0.778,0.578,11.808,12.1,0.628,0.645,1.0,0.196,91.94,91.5,76.25,91.0,0.611,2021-11-14
394,0022100198,1610612746.0,Clippers,LAC,LA,240:00,88.9,90.0,99.8,100.0,-10.9,-10.0,0.552,0.8,12.7,0.231,0.816,0.515,19.755,20.0,0.426,0.499,1.0,0.198,100.7,100.0,83.33,100.0,0.443,2021-11-14
395,0022100198,1610612741.0,Bulls,CHI,Chicago,240:00,99.8,100.0,88.9,90.0,10.9,10.0,0.5,1.27,15.1,0.184,0.769,0.485,14.976,15.0,0.506,0.543,1.0,0.198,100.7,100.0,83.33,100.0,0.557,2021-11-14
