,Game_ID,Date,Away_Team,ML_Home,Home_Team,ML_Away,Team,Team_Opp,FGM,FGA,FG_PCT,FG3M,FG3A,FG3_PCT,FTM,FTA,FT_PCT,OREB,DREB,REB,AST,STL,BLK,TO,PF,PTS,PLUS_MINUS,E_OFF_RATING,OFF_RATING,E_DEF_RATING,DEF_RATING,E_NET_RATING,NET_RATING,AST_PCT,AST_TOV,AST_RATIO,OREB_PCT,DREB_PCT,REB_PCT,E_TM_TOV_PCT,TM_TOV_PCT,EFG_PCT,TS_PCT,USG_PCT,E_USG_PCT,E_PACE,PACE,PACE_PER40,POSS,PIE,FGM_Opp,FGA_Opp,FG_PCT_Opp,FG3M_Opp,FG3A_Opp,FG3_PCT_Opp,FTM_Opp,FTA_Opp,FT_PCT_Opp,OREB_Opp,DREB_Opp,REB_Opp,AST_Opp,STL_Opp,BLK_Opp,TO_Opp,PF_Opp,PTS_Opp,PLUS_MINUS_Opp,E_OFF_RATING_Opp,OFF_RATING_Opp,E_DEF_RATING_Opp,DEF_RATING_Opp,E_NET_RATING_Opp,NET_RATING_Opp,AST_PCT_Opp,AST_TOV_Opp,AST_RATIO_Opp,OREB_PCT_Opp,DREB_PCT_Opp,REB_PCT_Opp,E_TM_TOV_PCT_Opp,TM_TOV_PCT_Opp,EFG_PCT_Opp,TS_PCT_Opp,USG_PCT_Opp,E_USG_PCT_Opp,E_PACE_Opp,PACE_Opp,PACE_PER40_Opp,POSS_Opp,PIE_Opp,Wins,Losses,Wins_Opp,Losses_Opp,Win_Pct,Win_Pct_Opp
0,22100001,2021-10-19,Nets,0.0,Bucks,0.0,Bucks,Nets,48,105,0.457,17,45,0.37799999999999995,14,18,0.778,13,41,54,25,8,9,7,19,127,23.0,117.7,124.5,101.8,102.0,15.8,22.5,0.521,3.13,17.1,0.293,0.8240000000000001,0.541,7.4129999999999985,7.8,0.5379999999999999,0.562,1.0,0.19399999999999998,105.02,102.0,85.0,102.0,0.593,37,84,0.44,17,32,0.531,13,23,0.565,5,39,44,19,3,9,12,17,104,-23.0,101.8,102.0,117.7,124.5,-15.8,-22.5,0.514,1.46,15.1,0.17600000000000002,0.7070000000000001,0.45899999999999996,12.73,12.7,0.542,0.552,1.0,0.2,105.02,102.0,85.0,102.0,0.40700000000000003,0.0,0.0,0.0,0.0,,
1,22100002,2021-10-19,Warriors,0.0,Lakers,0.0,Lakers,Warriors,45,95,0.474,15,42,0.35700000000000004,9,19,0.474,5,40,45,21,7,4,17,25,114,-7.0,98.0,101.8,106.0,107.1,-8.0,-5.3,0.467,1.17,14.8,0.18899999999999997,0.759,0.47700000000000004,15.469000000000001,16.1,0.5529999999999999,0.551,1.0,0.198,115.28,112.5,93.75,112.0,0.42200000000000004,41,93,0.441,14,39,0.359,25,30,0.833,9,41,50,30,9,2,17,18,121,7.0,106.0,107.1,98.0,101.8,8.0,5.3,0.732,1.76,19.6,0.24100000000000002,0.8109999999999999,0.523,14.886,15.0,0.516,0.57,1.0,0.2,115.28,112.5,93.75,113.0,0.578,0.0,0.0,0.0,0.0,,
2,22100003,2021-10-20,Pacers,0.0,Hornets,0.0,Pacers,Hornets,42,90,0.467,17,47,0.36200000000000004,21,24,0.875,8,43,51,29,2,10,16,24,122,-1.0,111.4,114.0,107.1,116.0,4.3,-2.0,0.69,1.71,19.8,0.255,0.667,0.48700000000000004,15.517000000000001,15.9,0.561,0.607,1.0,0.19899999999999998,112.22,106.5,88.75,107.0,0.52,46,107,0.43,13,31,0.419,18,27,0.667,12,34,46,29,9,5,8,21,123,1.0,107.1,116.0,111.4,114.0,-4.3,2.0,0.63,3.63,18.6,0.33299999999999996,0.745,0.513,6.9639999999999995,7.5,0.491,0.517,1.0,0.2,112.22,106.5,88.75,106.0,0.48,0.0,0.0,0.0,0.0,,
3,22100004,2021-10-20,Bulls,0.0,Pistons,0.0,Pistons,Bulls,36,90,0.4,6,28,0.214,10,13,0.769,11,36,47,17,7,5,16,16,88,-6.0,86.5,89.8,93.4,95.9,-6.9,-6.1,0.47200000000000003,1.0,13.1,0.263,0.74,0.486,16.713,17.3,0.433,0.46,1.0,0.195,101.16,98.0,81.67,98.0,0.455,37,86,0.43,7,23,0.304,13,15,0.867,9,39,48,18,8,5,17,19,94,6.0,93.4,95.9,86.5,89.8,6.9,6.1,0.486,1.06,14.1,0.26,0.737,0.514,16.899,17.3,0.47100000000000003,0.508,1.0,0.19899999999999998,101.16,98.0,81.67,98.0,0.545,0.0,0.0,0.0,0.0,,
4,22100005,2021-10-20,Celtics,0.0,Knicks,0.0,Knicks,Celtics,51,105,0.486,17,45,0.37799999999999995,19,27,0.7040000000000001,7,48,55,27,9,10,17,22,138,4.0,107.1,110.4,103.0,108.1,4.1,2.3,0.529,1.42,16.6,0.281,0.7040000000000001,0.516,14.742,15.2,0.5670000000000001,0.59,1.0,0.19699999999999998,107.17,103.03,85.86,125.0,0.521,48,117,0.41,21,57,0.368,17,23,0.7390000000000001,15,41,56,34,13,9,18,24,134,-4.0,103.0,108.1,107.1,110.4,-4.1,-2.3,0.708,1.89,19.0,0.29600000000000004,0.7190000000000001,0.484,13.833,14.5,0.5,0.527,1.0,0.198,107.17,103.03,85.86,124.0,0.479,0.0,0.0,0.0,0.0,,
5,22100006,2021-10-20,Wizards,0.0,Raptors,0.0,Wizards,Raptors,36,81,0.444,5,27,0.185,21,26,0.8079999999999999,7,44,51,20,14,8,21,17,98,15.0,91.2,92.5,77.8,77.6,13.4,14.9,0.556,0.91,14.9,0.2,0.696,0.5,20.477,20.8,0.475,0.53,1.0,0.19699999999999998,107.06,106.5,88.75,106.0,0.7,30,97,0.309,7,34,0.20600000000000002,16,22,0.727,19,35,54,14,10,4,19,21,83,-15.0,77.8,77.6,91.2,92.5,-13.4,-14.9,0.467,0.74,10.0,0.304,0.8,0.5,17.81,17.8,0.345,0.389,1.0,0.201,107.06,106.5,88.75,107.0,0.3,0.0,0.0,0.0,0.0,,
6,22100007,2021-10-20,Cavaliers,0.0,Grizzlies,0.0,Grizzlies,Cavaliers,53,100,0.53,14,33,0.424,12,12,1.0,13,40,53,28,8,8,10,15,132,11.0,126.6,125.7,115.3,116.3,11.3,9.4,0.528,2.33,19.3,0.34,0.8370000000000001,0.594,11.507,11.4,0.6,0.627,1.0,0.196,104.6,104.5,87.08,105.0,0.544,47,93,0.505,14,38,0.368,13,18,0.722,7,29,36,38,6,5,10,17,121,-11.0,115.3,116.3,126.6,125.7,-11.3,-9.4,0.809,3.45,25.3,0.163,0.66,0.406,10.484000000000002,10.6,0.581,0.599,1.0,0.195,104.6,104.5,87.08,104.0,0.456,0.0,0.0,0.0,0.0,,
7,22100008,2021-10-20,Rockets,0.0,Timberwolves,0.0,Timberwolves,Rockets,42,87,0.483,16,38,0.42100000000000004,24,31,0.774,13,33,46,26,18,13,18,22,124,18.0,117.4,114.8,96.6,98.1,20.7,16.7,0.619,1.44,18.0,0.292,0.6859999999999999,0.495,17.039,16.7,0.575,0.616,1.0,0.20199999999999999,107.66,108.0,90.0,108.0,0.627,40,88,0.455,11,33,0.33299999999999996,15,22,0.682,12,29,41,21,13,3,24,25,106,-18.0,96.6,98.1,117.4,114.8,-20.7,-16.7,0.525,0.88,14.7,0.314,0.708,0.505,21.881999999999998,22.2,0.517,0.5429999999999999,1.0,0.201,107.66,108.0,90.0,108.0,0.373,0.0,0.0,0.0,0.0,,
8,22100009,2021-10-20,76ers,0.0,Pelicans,0.0,76ers,Pelicans,44,85,0.518,13,25,0.52,16,20,0.8,6,41,47,24,9,5,12,11,117,20.0,116.1,118.2,96.1,98.0,20.0,20.2,0.545,1.85,18.3,0.205,0.764,0.515,12.897,13.1,0.594,0.624,1.0,0.19899999999999998,100.88,99.0,82.5,99.0,0.6,39,93,0.419,13,30,0.433,6,9,0.667,10,34,44,28,5,6,13,16,97,-20.0,96.1,98.0,116.1,118.2,-20.0,-20.2,0.718,2.0,20.1,0.23600000000000002,0.795,0.485,13.867,14.1,0.489,0.5,1.0,0.196,100.88,99.0,82.5,99.0,0.4,0.0,0.0,0.0,0.0,,
9,22100010,2021-10-20,Magic,0.0,Spurs,0.0,Spurs,Magic,49,98,0.5,13,30,0.433,12,18,0.667,13,30,43,32,8,3,8,22,123,26.0,121.9,128.1,97.9,102.1,24.0,26.0,0.653,4.0,21.9,0.385,0.66,0.524,7.9270000000000005,8.3,0.5660000000000001,0.581,1.0,0.2,100.02,95.5,79.58,96.0,0.629,35,86,0.40700000000000003,9,29,0.31,18,23,0.7829999999999999,13,31,44,17,6,6,16,20,97,-26.0,97.9,102.1,121.9,128.1,-24.0,-26.0,0.486,1.06,13.2,0.34,0.615,0.47600000000000003,16.142,16.8,0.45899999999999996,0.505,1.0,0.2,100.02,95.5,79.58,95.0,0.371,0.0,0.0,0.0,0.0,,
10,22100011,2021-10-20,Thunder,0.0,Jazz,0.0,Jazz,Thunder,40,91,0.44,14,47,0.298,13,15,0.867,12,41,53,18,6,5,10,19,107,21.0,111.9,111.5,86.9,90.5,25.0,20.9,0.45,1.8,14.3,0.275,0.705,0.509,10.46,10.4,0.516,0.5479999999999999,1.0,0.19899999999999998,97.26,95.5,79.58,96.0,0.627,34,91,0.374,7,35,0.2,11,18,0.611,15,35,50,19,4,2,14,15,86,-21.0,86.9,90.5,111.9,111.5,-25.0,-20.9,0.5589999999999999,1.27,14.3,0.295,0.725,0.491,15.164000000000001,15.8,0.41200000000000003,0.435,1.0,0.19699999999999998,97.26,95.5,79.58,95.0,0.373,0.0,0.0,0.0,0.0,,
11,22100012,2021-10-20,Nuggets,0.0,Suns,0.0,Suns,Nuggets,36,87,0.414,14,37,0.37799999999999995,12,17,0.706,11,34,45,23,9,3,18,18,98,-12.0,96.6,97.0,110.0,108.9,-13.5,-11.9,0.639,1.28,17.0,0.259,0.8290000000000001,0.505,17.737000000000005,17.8,0.494,0.519,1.0,0.201,100.72,101.0,84.17,101.0,0.428,44,83,0.53,17,39,0.436,5,9,0.556,6,40,46,25,9,1,17,20,110,12.0,110.0,108.9,96.6,97.0,13.5,11.9,0.568,1.32,19.1,0.171,0.741,0.495,19.008,18.8,0.633,0.632,1.0,0.196,100.72,101.0,84.17,101.0,0.5720000000000001,0.0,0.0,0.0,0.0,,
12,22100013,2021-10-20,Kings,0.0,Trail Blazers,0.0,Kings,Trail Blazers,42,92,0.457,17,41,0.415,23,29,0.7929999999999999,7,36,43,24,6,4,10,22,124,3.0,115.1,117.0,113.4,114.2,1.6,2.8,0.5710000000000001,2.4,17.3,0.204,0.755,0.466,9.28,9.4,0.5489999999999999,0.5920000000000001,1.0,0.2,107.22,106.0,88.33,106.0,0.49,45,93,0.484,12,35,0.34299999999999997,19,22,0.8640000000000001,9,40,49,25,5,5,12,22,121,-3.0,113.4,114.2,115.1,117.0,-1.6,-2.8,0.556,1.92,17.8,0.245,0.7959999999999999,0.534,12.186,12.3,0.5479999999999999,0.589,1.0,0.19899999999999998,107.22,106.0,88.33,106.0,0.51,0.0,0.0,0.0,0.0,,
13,22100014,2021-10-21,Mavericks,0.0,Hawks,0.0,Mavericks,Hawks,31,93,0.33299999999999996,13,43,0.302,12,13,0.9229999999999999,10,40,50,16,7,3,15,21,87,-26.0,83.9,83.7,107.7,108.7,-23.8,-25.0,0.516,1.07,12.3,0.19,0.84,0.478,14.462,14.4,0.40299999999999997,0.441,1.0,0.2,104.34,104.0,86.67,104.0,0.307,45,94,0.479,15,35,0.429,8,9,0.889,6,49,55,31,8,9,13,16,113,26.0,107.7,108.7,83.9,83.7,23.8,25.0,0.6890000000000001,2.38,21.8,0.16,0.81,0.522,12.386,12.5,0.5589999999999999,0.5770000000000001,1.0,0.198,104.34,104.0,86.67,104.0,0.693,0.0,0.0,0.0,0.0,,
14,22100015,2021-10-21,Bucks,0.0,Heat,0.0,Bucks,Heat,32,84,0.381,12,42,0.28600000000000003,19,29,0.655,5,33,38,19,6,0,15,26,95,-42.0,89.0,90.5,125.0,128.0,-36.0,-37.6,0.594,1.27,14.5,0.107,0.698,0.39399999999999996,14.05,14.3,0.452,0.491,1.0,0.19899999999999998,108.2,106.0,88.33,105.0,0.282,51,96,0.531,15,35,0.429,20,31,0.645,11,47,58,28,8,2,11,26,137,42.0,125.0,128.0,89.0,90.5,36.0,37.6,0.5489999999999999,2.55,18.8,0.302,0.893,0.606,10.033,10.3,0.609,0.625,1.0,0.19899999999999998,108.2,106.0,88.33,107.0,0.718,1.0,0.0,0.0,0.0,1.0,
15,22100016,2021-10-21,Clippers,0.0,Warriors,0.0,Clippers,Warriors,42,96,0.43799999999999994,14,40,0.35,15,21,0.7140000000000001,8,31,39,24,9,2,7,25,113,-2.0,108.4,108.7,110.9,112.7,-2.5,-4.1,0.5710000000000001,3.43,17.6,0.207,0.727,0.431,6.715,6.7,0.51,0.537,1.0,0.2,103.96,103.0,85.83,104.0,0.455,43,83,0.518,15,31,0.484,14,22,0.636,10,43,53,27,5,4,21,20,115,2.0,110.9,112.7,108.4,108.7,2.5,4.1,0.628,1.29,19.2,0.273,0.7929999999999999,0.569,20.255,20.6,0.608,0.62,1.0,0.201,103.96,103.0,85.83,102.0,0.545,0.0,0.0,1.0,0.0,,1.0
16,22100017,2021-10-22,Hornets,0.0,Cavaliers,0.0,Cavaliers,Hornets,43,84,0.512,9,31,0.29,17,20,0.85,7,29,36,26,9,3,18,15,112,-11.0,106.9,105.7,116.6,116.0,-9.7,-10.4,0.605,1.37,18.9,0.18600000000000005,0.705,0.44799999999999995,18.13,17.9,0.565,0.603,1.0,0.19899999999999998,105.14,106.0,88.33,106.0,0.444,48,91,0.527,13,32,0.406,14,17,0.8240000000000001,11,35,46,32,13,1,18,16,123,11.0,116.6,116.0,106.9,105.7,9.7,10.4,0.667,1.78,21.6,0.295,0.8140000000000001,0.552,17.065,17.0,0.599,0.624,1.0,0.201,105.14,106.0,88.33,106.0,0.556,0.0,1.0,1.0,0.0,0.0,1.0
17,22100018,2021-10-22,Knicks,0.0,Magic,0.0,Magic,Knicks,33,83,0.39799999999999996,17,43,0.395,13,15,0.867,9,37,46,24,5,3,18,18,96,-25.0,96.4,99.0,120.4,123.5,-24.0,-24.5,0.727,1.26,18.1,0.24,0.8,0.52,19.076,19.6,0.5,0.536,1.0,0.19699999999999998,100.04,97.5,81.25,97.0,0.397,44,88,0.5,24,54,0.444,9,17,0.529,6,32,38,34,10,4,11,19,121,25.0,120.4,123.5,96.4,99.0,24.0,24.5,0.773,3.09,24.2,0.2,0.76,0.48,10.947000000000001,11.2,0.636,0.634,1.0,0.19899999999999998,100.04,97.5,81.25,98.0,0.603,0.0,1.0,1.0,0.0,0.0,1.0
18,22100019,2021-10-22,Pacers,0.0,Wizards,0.0,Wizards,Pacers,49,94,0.521,19,38,0.5,18,19,0.9470000000000001,6,32,38,24,5,6,9,21,135,1.0,128.1,128.6,120.9,127.6,7.2,1.0,0.49,2.67,17.7,0.17800000000000002,0.7140000000000001,0.457,8.542,8.6,0.622,0.659,1.0,0.198,97.88,95.09,79.25,105.0,0.503,52,97,0.536,15,34,0.441,15,20,0.75,7,35,42,28,5,6,12,22,134,-1.0,120.9,127.6,128.1,128.6,-7.2,-1.0,0.5379999999999999,2.33,19.2,0.28600000000000003,0.8220000000000001,0.5429999999999999,10.83,11.4,0.613,0.633,1.0,0.19899999999999998,97.88,95.09,79.25,105.0,0.4970000000000001,1.0,0.0,0.0,1.0,1.0,0.0
19,22100020,2021-10-22,Raptors,0.0,Celtics,0.0,Raptors,Celtics,42,100,0.42,10,35,0.28600000000000003,21,21,1.0,21,39,60,22,16,2,11,13,115,32.0,114.7,113.9,81.5,82.2,33.2,31.7,0.524,1.83,15.4,0.397,0.769,0.573,11.970999999999998,11.9,0.47,0.526,1.0,0.2,101.04,101.0,84.17,101.0,0.693,32,82,0.39,11,34,0.324,8,11,0.727,10,32,42,19,6,11,25,19,83,-32.0,81.5,82.2,114.7,113.9,-33.2,-31.7,0.594,0.76,14.5,0.231,0.603,0.4270000000000001,24.548000000000002,24.8,0.457,0.478,1.0,0.198,101.04,101.0,84.17,101.0,0.307,0.0,1.0,0.0,1.0,0.0,0.0
20,22100021,2021-10-22,Nets,0.0,76ers,0.0,76ers,Nets,43,91,0.473,14,36,0.389,9,11,0.818,5,30,35,17,8,9,8,21,109,-5.0,108.1,112.4,113.4,117.5,-5.3,-5.2,0.395,1.7,13.8,0.22399999999999998,0.66,0.43799999999999994,9.917,10.3,0.5489999999999999,0.569,1.0,0.19699999999999998,100.7,97.0,80.83,97.0,0.449,41,88,0.466,12,38,0.316,20,24,0.833,11,36,47,26,6,6,12,16,114,5.0,113.4,117.5,108.1,112.4,5.3,5.2,0.634,2.0,18.9,0.34,0.7759999999999999,0.563,12.927999999999999,13.4,0.534,0.578,1.0,0.19699999999999998,100.7,97.0,80.83,97.0,0.551,1.0,0.0,0.0,1.0,1.0,0.0
21,22100022,2021-10-22,Pelicans,0.0,Bulls,0.0,Pelicans,Bulls,42,87,0.483,15,29,0.517,13,16,0.813,9,33,42,26,7,5,16,20,112,-16.0,109.8,108.7,124.3,124.3,-14.5,-15.5,0.619,1.53,19.0,0.213,0.733,0.467,16.66,16.5,0.569,0.595,1.0,0.198,102.52,103.0,85.83,103.0,0.42,47,89,0.528,14,28,0.5,20,25,0.8,11,35,46,32,9,7,14,14,128,16.0,124.3,124.3,109.8,108.7,14.5,15.5,0.6809999999999999,2.29,21.9,0.267,0.787,0.5329999999999999,13.592,13.6,0.607,0.64,1.0,0.198,102.52,103.0,85.83,103.0,0.58,0.0,1.0,1.0,0.0,0.0,1.0
22,22100023,2021-10-22,Thunder,0.0,Rockets,0.0,Thunder,Rockets,34,91,0.374,14,43,0.326,9,16,0.563,8,31,39,22,9,4,19,21,91,-33.0,83.5,88.3,114.6,118.1,-31.2,-29.7,0.647,1.16,15.8,0.226,0.68,0.429,17.425,18.4,0.451,0.46399999999999997,1.0,0.2,108.6,104.0,86.67,103.0,0.29100000000000004,48,95,0.505,17,38,0.447,11,14,0.7859999999999999,10,44,54,29,12,10,17,18,124,33.0,114.6,118.1,83.5,88.3,31.2,29.7,0.604,1.71,19.7,0.32,0.774,0.5710000000000001,15.717,16.2,0.595,0.613,1.0,0.198,108.6,104.0,86.67,105.0,0.7090000000000001,0.0,1.0,0.0,1.0,0.0,0.0
23,22100024,2021-10-22,Spurs,0.0,Nuggets,0.0,Spurs,Nuggets,40,84,0.47600000000000003,6,24,0.25,10,14,0.7140000000000001,7,32,39,24,11,2,20,17,96,-6.0,93.1,94.1,99.5,99.0,-6.4,-4.9,0.6,1.2,17.9,0.205,0.773,0.489,19.387,19.6,0.512,0.532,1.0,0.2,102.84,102.5,85.42,102.0,0.48100000000000004,44,86,0.512,9,30,0.3,5,8,0.625,8,33,41,26,10,2,21,21,102,6.0,99.5,99.0,93.1,94.1,6.4,4.9,0.591,1.24,19.0,0.22699999999999998,0.795,0.511,20.484,20.4,0.564,0.57,1.0,0.19899999999999998,102.84,102.5,85.42,103.0,0.519,1.0,0.0,1.0,0.0,1.0,1.0
24,22100025,2021-10-22,Suns,0.0,Lakers,0.0,Suns,Lakers,42,86,0.488,10,32,0.313,21,28,0.75,7,40,47,31,8,2,11,22,115,10.0,111.3,112.7,102.2,105.0,9.1,7.7,0.738,2.58,21.9,0.217,0.732,0.5,11.614,11.8,0.547,0.585,1.0,0.19399999999999998,103.04,101.0,84.17,102.0,0.594,34,86,0.395,15,34,0.441,22,29,0.759,12,34,46,25,7,3,16,26,105,-10.0,102.2,105.0,111.3,112.7,-9.1,-7.7,0.735,1.56,17.9,0.268,0.7829999999999999,0.5,15.57,16.0,0.483,0.532,1.0,0.2,103.04,101.0,84.17,100.0,0.406,0.0,1.0,0.0,1.0,0.0,0.0
25,22100026,2021-10-22,Jazz,0.0,Kings,0.0,Jazz,Kings,37,90,0.41100000000000003,16,42,0.381,20,23,0.87,13,38,51,16,14,3,17,17,110,9.0,103.7,106.8,94.2,98.1,9.5,8.7,0.4320000000000001,0.84,11.8,0.33299999999999996,0.6559999999999999,0.504,17.904,18.4,0.5,0.5489999999999999,1.0,0.196,106.68,103.0,85.83,103.0,0.542,39,99,0.39399999999999996,8,36,0.222,15,21,0.7140000000000001,16,36,52,20,15,5,15,22,101,-9.0,94.2,98.1,103.7,106.8,-9.5,-8.7,0.513,1.33,14.0,0.344,0.667,0.496,13.987,14.6,0.434,0.467,1.0,0.198,106.68,103.0,85.83,103.0,0.45799999999999996,1.0,0.0,1.0,0.0,1.0,1.0
26,22100027,2021-10-23,Hawks,0.0,Cavaliers,0.0,Cavaliers,Hawks,37,89,0.41600000000000004,7,28,0.25,20,27,0.741,12,42,54,23,6,6,10,16,101,6.0,102.1,104.1,97.3,97.9,4.8,6.2,0.622,2.3,17.2,0.268,0.6829999999999999,0.48700000000000004,10.113,10.3,0.455,0.501,1.0,0.2,98.24,97.0,80.83,97.0,0.585,38,99,0.384,10,34,0.294,9,15,0.6,17,37,54,20,5,3,9,23,95,-6.0,97.3,97.9,102.1,104.1,-4.8,-6.2,0.526,2.22,14.9,0.317,0.732,0.513,9.221,9.3,0.434,0.45,1.0,0.201,98.24,97.0,80.83,97.0,0.415,0.0,2.0,1.0,0.0,0.0,1.0
27,22100028,2021-10-23,Heat,0.0,Pacers,0.0,Heat,Pacers,35,91,0.385,9,33,0.273,12,14,0.857,10,45,55,18,4,2,22,25,91,-11.0,83.4,84.3,94.2,96.2,-10.9,-12.0,0.514,0.82,13.1,0.263,0.738,0.508,20.154,20.4,0.434,0.46799999999999997,1.0,0.198,98.45,96.91,80.75,108.0,0.41700000000000004,38,97,0.392,10,39,0.256,16,21,0.762,14,41,55,18,10,5,16,18,102,11.0,94.2,96.2,83.4,84.3,10.9,12.0,0.474,1.13,12.8,0.262,0.737,0.4920000000000001,14.782,15.1,0.44299999999999995,0.48,1.0,0.198,98.45,96.91,80.75,106.0,0.583,1.0,0.0,0.0,2.0,1.0,0.0
28,22100029,2021-10-23,Mavericks,0.0,Raptors,0.0,Raptors,Mavericks,34,85,0.4,11,37,0.297,16,23,0.696,11,38,49,17,7,6,12,23,95,-8.0,98.8,102.2,108.5,110.8,-9.7,-8.6,0.5,1.42,13.7,0.29100000000000004,0.7070000000000001,0.504,12.484000000000002,12.9,0.465,0.499,1.0,0.2,95.52,93.0,77.5,93.0,0.445,38,91,0.418,14,42,0.33299999999999996,13,18,0.722,13,37,50,24,6,6,9,22,103,8.0,108.5,110.8,98.8,102.2,9.7,8.6,0.632,2.67,18.2,0.293,0.7090000000000001,0.496,9.482000000000001,9.7,0.495,0.521,1.0,0.2,95.52,93.0,77.5,93.0,0.555,1.0,1.0,0.0,1.0,0.5,0.0
29,22100030,2021-10-23,Pistons,0.0,Bulls,0.0,Pistons,Bulls,34,88,0.386,5,28,0.179,9,15,0.6,11,42,53,14,9,8,20,17,82,-15.0,76.9,82.0,94.8,95.1,-17.8,-13.1,0.41200000000000003,0.61,10.6,0.28600000000000003,0.86,0.557,21.576,23.0,0.415,0.433,1.0,0.192,104.48,101.0,84.17,100.0,0.366,35,84,0.41700000000000004,11,26,0.423,16,19,0.8420000000000001,3,39,42,24,13,11,12,17,97,15.0,94.8,95.1,76.9,82.0,17.8,13.1,0.6859999999999999,1.85,18.6,0.14,0.7140000000000001,0.44299999999999995,12.7,12.7,0.48200000000000004,0.525,1.0,0.19899999999999998,104.48,101.0,84.17,102.0,0.634,0.0,1.0,2.0,0.0,0.0,1.0
30,22100031,2021-10-23,Pelicans,0.0,Timberwolves,0.0,Pelicans,Timberwolves,31,89,0.348,9,40,0.225,18,23,0.7829999999999999,21,40,61,15,10,5,28,22,89,-7.0,82.3,84.8,89.4,90.6,-7.1,-5.8,0.484,0.5,10.4,0.41,0.7120000000000001,0.5579999999999999,27.747,28.6,0.39899999999999997,0.449,1.0,0.195,107.76,105.5,87.92,105.0,0.428,39,96,0.406,12,38,0.316,6,10,0.6,13,34,47,22,13,8,19,25,96,7.0,89.4,90.6,82.3,84.8,7.1,5.8,0.564,1.1,15.4,0.28800000000000003,0.59,0.442,18.622,18.9,0.469,0.478,1.0,0.198,107.76,105.5,87.92,106.0,0.5720000000000001,0.0,2.0,1.0,0.0,0.0,1.0
31,22100032,2021-10-23,Bucks,0.0,Spurs,0.0,Spurs,Bucks,48,99,0.485,10,39,0.256,5,6,0.833,10,28,38,29,10,4,12,18,111,-10.0,106.1,107.8,112.4,117.5,-6.3,-9.7,0.604,2.23,20.2,0.26899999999999996,0.7440000000000001,0.473,12.424000000000001,12.6,0.535,0.546,1.0,0.19699999999999998,106.16,103.0,85.83,103.0,0.479,44,83,0.53,15,35,0.429,18,22,0.818,7,37,44,21,6,5,20,15,121,10.0,112.4,117.5,106.1,107.8,6.3,9.7,0.47700000000000004,0.95,15.5,0.256,0.731,0.527,20.430999999999997,21.4,0.62,0.653,1.0,0.19,106.16,103.0,85.83,103.0,0.521,1.0,1.0,1.0,1.0,0.5,0.5
32,22100033,2021-10-23,Suns,0.0,Trail Blazers,0.0,Trail Blazers,Suns,51,94,0.5429999999999999,21,50,0.42,11,17,0.647,8,40,48,24,8,5,9,15,134,29.0,130.8,131.4,102.3,102.9,28.4,28.4,0.47100000000000003,2.67,17.8,0.222,0.8370000000000001,0.5429999999999999,8.782,8.8,0.654,0.66,1.0,0.201,102.54,102.0,85.0,102.0,0.611,43,89,0.483,9,28,0.321,10,15,0.667,7,31,38,27,6,1,14,19,105,-29.0,102.3,102.9,130.8,131.4,-28.4,-28.4,0.628,1.93,19.8,0.163,0.778,0.457,13.645,13.7,0.534,0.5489999999999999,1.0,0.201,102.54,102.0,85.0,102.0,0.389,0.0,1.0,1.0,1.0,0.0,0.5
33,22100034,2021-10-23,Grizzlies,0.0,Clippers,0.0,Grizzlies,Clippers,42,90,0.467,15,36,0.41700000000000004,21,25,0.84,13,35,48,26,5,3,11,19,120,6.0,121.2,121.2,114.6,116.3,6.6,4.9,0.619,2.36,18.8,0.327,0.69,0.523,11.110999999999999,11.1,0.55,0.594,1.0,0.2,99.24,98.5,82.08,99.0,0.536,43,99,0.434,13,39,0.33299999999999996,15,17,0.882,14,30,44,23,7,4,7,21,114,-6.0,114.6,116.3,121.2,121.2,-6.6,-4.9,0.535,3.29,16.9,0.31,0.6729999999999999,0.47700000000000004,7.037000000000001,7.1,0.5,0.535,1.0,0.201,99.24,98.5,82.08,98.0,0.46399999999999997,1.0,0.0,0.0,1.0,1.0,0.0
34,22100035,2021-10-24,Hornets,0.0,Nets,0.0,Hornets,Nets,43,94,0.457,10,30,0.33299999999999996,15,19,0.789,10,38,48,26,10,5,12,17,111,16.0,106.4,109.9,94.7,93.1,11.6,16.8,0.605,2.17,18.5,0.26899999999999996,0.8,0.529,11.499,11.9,0.511,0.542,1.0,0.19899999999999998,102.32,101.5,84.58,101.0,0.5770000000000001,38,87,0.4370000000000001,9,35,0.257,10,12,0.833,9,35,44,18,10,8,17,19,95,-16.0,94.7,93.1,106.4,109.9,-11.6,-16.8,0.474,1.06,14.1,0.2,0.731,0.47100000000000003,16.953,16.7,0.489,0.515,1.0,0.19899999999999998,102.32,101.5,84.58,102.0,0.423,2.0,0.0,1.0,1.0,1.0,0.5
35,22100036,2021-10-24,Magic,0.0,Knicks,0.0,Magic,Knicks,36,88,0.409,12,43,0.27899999999999997,26,34,0.765,10,47,57,22,7,4,13,25,110,6.0,103.8,106.8,97.2,101.0,6.6,5.8,0.611,1.69,15.9,0.255,0.706,0.504,12.269,12.6,0.47700000000000004,0.534,1.0,0.198,106.48,103.0,85.83,103.0,0.556,37,100,0.37,13,48,0.271,17,25,0.68,16,36,52,20,8,8,12,21,104,-6.0,97.2,101.0,103.8,106.8,-6.6,-5.8,0.541,1.67,14.0,0.294,0.745,0.496,11.215,11.7,0.435,0.46799999999999997,1.0,0.19699999999999998,106.48,103.0,85.83,103.0,0.444,0.0,2.0,2.0,0.0,0.0,1.0
36,22100037,2021-10-24,Celtics,0.0,Rockets,0.0,Rockets,Celtics,32,75,0.4270000000000001,14,32,0.43799999999999994,19,24,0.792,5,35,40,20,7,4,18,20,97,-10.0,96.5,98.0,106.2,105.9,-9.7,-8.0,0.625,1.0,15.9,0.174,0.7959999999999999,0.495,19.889,20.2,0.52,0.5670000000000001,1.0,0.19899999999999998,100.68,100.0,83.33,99.0,0.44,38,86,0.442,15,47,0.319,16,20,0.8,6,37,43,22,10,6,11,22,107,10.0,106.2,105.9,96.5,98.0,9.7,8.0,0.579,1.83,17.1,0.204,0.826,0.505,11.905,11.9,0.529,0.564,1.0,0.19899999999999998,100.68,100.0,83.33,101.0,0.56,1.0,1.0,0.0,2.0,0.5,0.0
37,22100038,2021-10-24,76ers,0.0,Thunder,0.0,76ers,Thunder,41,88,0.466,17,41,0.415,16,20,0.8,12,35,47,25,4,9,12,17,115,12.0,118.8,118.6,105.8,106.2,13.0,12.4,0.61,2.08,18.7,0.265,0.804,0.526,12.397,12.4,0.563,0.594,1.0,0.19899999999999998,97.08,97.0,80.83,97.0,0.52,40,84,0.47600000000000003,8,31,0.258,15,19,0.789,6,36,42,24,9,4,11,17,103,-12.0,105.8,106.2,118.8,118.6,-13.0,-12.4,0.6,2.18,18.8,0.196,0.735,0.474,11.298,11.3,0.524,0.5579999999999999,1.0,0.201,97.08,97.0,80.83,97.0,0.48,1.0,1.0,0.0,2.0,0.5,0.0
38,22100039,2021-10-24,Warriors,0.0,Kings,0.0,Kings,Warriors,42,86,0.488,15,46,0.326,8,13,0.615,10,37,47,26,0,4,19,16,107,-12.0,106.2,105.9,118.3,119.0,-12.1,-13.1,0.619,1.37,19.0,0.27699999999999997,0.7090000000000001,0.51,18.864,18.8,0.5760000000000001,0.583,1.0,0.201,100.64,100.5,83.75,101.0,0.444,43,97,0.44299999999999995,13,37,0.35100000000000003,20,24,0.833,14,29,43,26,12,3,6,13,119,12.0,118.3,119.0,106.2,105.9,12.1,13.1,0.605,3.71,18.5,0.29100000000000004,0.723,0.49,6.961,7.0,0.51,0.5529999999999999,1.0,0.19899999999999998,100.64,100.5,83.75,100.0,0.556,1.0,1.0,2.0,0.0,0.5,1.0
39,22100040,2021-10-24,Grizzlies,0.0,Lakers,0.0,Grizzlies,Lakers,45,100,0.45,13,35,0.371,15,18,0.833,18,31,49,25,13,4,17,20,118,-3.0,110.4,116.8,119.0,118.6,-8.6,-1.8,0.556,1.47,16.7,0.439,0.738,0.5660000000000001,15.9,16.8,0.515,0.547,1.0,0.2,104.3,101.5,84.58,101.0,0.461,45,84,0.536,16,30,0.5329999999999999,15,22,0.682,9,27,36,29,10,12,17,14,121,3.0,119.0,118.6,110.4,116.8,8.6,1.8,0.644,1.71,20.8,0.262,0.561,0.434,16.719,16.7,0.631,0.6459999999999999,1.0,0.201,104.3,101.5,84.58,102.0,0.539,2.0,0.0,0.0,2.0,1.0,0.0
40,22100041,2021-10-25,Celtics,0.0,Hornets,0.0,Hornets,Celtics,46,103,0.447,19,44,0.4320000000000001,18,28,0.643,14,38,52,26,4,6,14,25,129,-11.0,111.9,114.2,123.9,121.7,-12.0,-7.6,0.565,1.86,16.7,0.27399999999999997,0.755,0.496,12.14,12.4,0.539,0.5589999999999999,1.0,0.201,103.39,103.25,86.04,113.0,0.414,50,101,0.495,19,50,0.38,21,25,0.84,11,42,53,33,8,9,12,23,140,11.0,123.9,121.7,111.9,114.2,12.0,7.6,0.66,2.75,21.0,0.245,0.726,0.504,10.619000000000002,10.4,0.589,0.625,1.0,0.2,103.39,103.25,86.04,115.0,0.586,3.0,0.0,1.0,2.0,1.0,0.3333333333
41,22100042,2021-10-25,Bucks,0.0,Pacers,0.0,Bucks,Pacers,41,85,0.48200000000000004,11,32,0.344,26,31,0.8390000000000001,7,35,42,24,13,6,13,19,119,10.0,112.6,113.3,104.3,101.9,8.3,11.5,0.585,1.71,17.6,0.152,0.72,0.44799999999999995,13.253,13.3,0.547,0.603,1.0,0.19699999999999998,105.06,106.0,88.33,105.0,0.578,40,90,0.444,14,36,0.389,15,17,0.882,12,35,47,23,6,1,19,24,109,-10.0,104.3,101.9,112.6,113.3,-8.3,-11.5,0.575,1.21,16.5,0.28,0.848,0.552,18.185,17.8,0.522,0.5589999999999999,1.0,0.201,105.06,106.0,88.33,107.0,0.423,2.0,1.0,1.0,2.0,0.6666666667,0.3333333333
42,22100043,2021-10-25,Pistons,0.0,Hawks,0.0,Pistons,Hawks,40,91,0.44,9,33,0.273,15,18,0.833,11,25,36,26,7,6,14,15,104,-18.0,102.0,101.0,115.9,117.3,-13.9,-16.3,0.65,1.86,18.7,0.212,0.667,0.423,13.735999999999999,13.6,0.489,0.526,1.0,0.2,103.58,103.5,86.25,103.0,0.42100000000000004,46,90,0.511,12,32,0.375,18,21,0.857,10,39,49,24,11,3,13,19,122,18.0,115.9,117.3,102.0,101.0,13.9,16.3,0.522,1.5,17.2,0.33299999999999996,0.7879999999999999,0.5770000000000001,15.203,15.4,0.578,0.615,1.0,0.196,103.58,103.5,86.25,104.0,0.579,0.0,2.0,1.0,1.0,0.0,0.5
43,22100044,2021-10-25,Wizards,0.0,Nets,0.0,Wizards,Nets,33,95,0.34700000000000003,9,39,0.231,15,20,0.75,10,43,53,16,5,5,12,17,90,-14.0,85.1,86.5,100.5,101.0,-15.4,-14.4,0.485,1.33,12.1,0.23800000000000002,0.852,0.521,11.342,11.5,0.395,0.434,1.0,0.2,104.64,103.5,86.25,104.0,0.395,40,94,0.426,10,35,0.28600000000000003,14,17,0.8240000000000001,7,47,54,23,6,4,9,19,104,14.0,100.5,101.0,85.1,86.5,15.4,14.4,0.575,2.56,17.2,0.14800000000000002,0.762,0.479,8.697000000000001,8.7,0.479,0.512,1.0,0.19899999999999998,104.64,103.5,86.25,103.0,0.605,2.0,0.0,1.0,2.0,1.0,0.3333333333
44,22100045,2021-10-25,Magic,0.0,Heat,0.0,Magic,Heat,33,81,0.40700000000000003,12,44,0.273,12,19,0.632,6,33,39,21,7,6,16,22,90,-17.0,88.8,90.9,109.9,110.3,-21.1,-19.4,0.636,1.17,16.4,0.255,0.7829999999999999,0.505,17.758,18.2,0.48100000000000004,0.504,1.0,0.19699999999999998,99.36,98.0,81.67,99.0,0.366,41,87,0.47100000000000003,6,27,0.222,19,19,1.0,9,33,42,28,10,2,10,19,107,17.0,109.9,110.3,88.8,90.9,21.1,19.4,0.6829999999999999,2.55,20.8,0.217,0.745,0.495,11.298,11.3,0.506,0.561,1.0,0.19899999999999998,99.36,98.0,81.67,97.0,0.634,1.0,2.0,1.0,1.0,0.3333333333,0.5
45,22100046,2021-10-25,Bulls,0.0,Raptors,0.0,Raptors,Bulls,40,83,0.48200000000000004,12,30,0.4,16,20,0.8,13,34,47,27,8,1,19,18,108,-3.0,108.2,109.1,112.5,114.4,-4.3,-5.3,0.675,1.29,19.3,0.42200000000000004,0.857,0.632,21.041999999999998,21.2,0.5539999999999999,0.588,1.0,0.19899999999999998,99.24,98.0,81.67,99.0,0.49,39,81,0.48100000000000004,12,27,0.444,21,22,0.955,5,24,29,24,11,3,13,16,111,3.0,112.5,114.4,108.2,109.1,4.3,5.3,0.615,1.85,18.8,0.14300000000000002,0.578,0.368,13.174000000000001,13.4,0.556,0.612,1.0,0.19899999999999998,99.24,98.0,81.67,97.0,0.51,1.0,2.0,3.0,0.0,0.3333333333,1.0
46,22100047,2021-10-25,Pelicans,0.0,Timberwolves,0.0,Pelicans,Timberwolves,39,87,0.44799999999999995,10,30,0.33299999999999996,19,23,0.826,15,45,60,19,5,5,17,20,107,9.0,104.8,105.9,96.2,96.1,8.6,9.9,0.48700000000000004,0.95,14.0,0.34,0.762,0.575,19.585,19.8,0.506,0.551,1.0,0.195,102.0,101.5,84.58,101.0,0.5660000000000001,31,90,0.344,15,50,0.3,21,27,0.778,11,30,41,20,10,7,11,19,98,-9.0,96.2,96.1,104.8,105.9,-8.6,-9.9,0.645,1.82,15.1,0.23800000000000002,0.66,0.425,10.797,10.8,0.428,0.48100000000000004,1.0,0.20199999999999999,102.0,101.5,84.58,102.0,0.434,0.0,3.0,2.0,0.0,0.0,1.0
47,22100048,2021-10-25,Cavaliers,0.0,Nuggets,0.0,Nuggets,Cavaliers,35,86,0.40700000000000003,9,38,0.237,8,12,0.667,11,36,47,21,10,3,21,22,87,-12.0,85.1,88.8,103.3,102.1,-18.3,-13.3,0.6,0.95,15.6,0.309,0.7659999999999999,0.52,21.51,22.4,0.45899999999999996,0.47700000000000004,1.0,0.196,99.04,97.5,81.25,98.0,0.39,38,82,0.46299999999999997,7,25,0.28,16,20,0.8,11,38,49,26,8,5,14,18,99,12.0,103.3,102.1,85.1,88.8,18.3,13.3,0.684,1.63,19.6,0.23399999999999999,0.691,0.48,16.701,16.5,0.506,0.545,1.0,0.19699999999999998,99.04,97.5,81.25,97.0,0.61,2.0,0.0,1.0,2.0,1.0,0.3333333333
48,22100049,2021-10-25,Trail Blazers,0.0,Clippers,0.0,Trail Blazers,Clippers,32,85,0.376,8,37,0.21600000000000005,14,18,0.778,7,40,47,15,11,4,30,18,86,-30.0,74.2,75.4,102.3,100.9,-28.1,-25.4,0.469,0.5,10.9,0.185,0.86,0.51,25.88,26.3,0.424,0.46299999999999997,1.0,0.2,114.64,114.5,95.42,114.0,0.298,44,93,0.473,14,43,0.326,14,19,0.737,5,38,43,37,21,6,17,23,116,30.0,102.3,100.9,74.2,75.4,28.1,25.4,0.841,2.18,23.8,0.14,0.815,0.49,14.995999999999999,14.8,0.5479999999999999,0.5720000000000001,1.0,0.201,114.64,114.5,95.42,115.0,0.7020000000000001,1.0,1.0,0.0,2.0,0.5,0.0
49,22100050,2021-10-26,76ers,0.0,Knicks,0.0,76ers,Knicks,36,82,0.439,12,41,0.293,15,17,0.882,12,28,40,24,9,4,14,14,99,-13.0,107.1,106.5,117.2,119.1,-10.1,-12.7,0.667,1.6,18.7,0.261,0.66,0.462,16.22,16.1,0.512,0.5529999999999999,1.0,0.19699999999999998,94.04,93.5,77.92,93.0,0.467,41,87,0.47100000000000003,16,37,0.4320000000000001,14,15,0.9329999999999999,13,32,45,24,7,5,12,18,112,13.0,117.2,119.1,107.1,106.5,10.1,12.7,0.585,1.6,18.1,0.34,0.7390000000000001,0.5379999999999999,15.69,16.0,0.563,0.598,1.0,0.192,94.04,93.5,77.92,94.0,0.5329999999999999,2.0,1.0,2.0,1.0,0.6666666667,0.6666666667
50,22100051,2021-10-26,Warriors,0.0,Thunder,0.0,Thunder,Warriors,36,86,0.419,12,34,0.353,14,17,0.8240000000000001,9,33,42,19,7,3,13,18,98,-8.0,99.5,100.0,107.2,107.1,-7.6,-7.1,0.528,1.36,15.0,0.21600000000000005,0.778,0.479,14.216,14.3,0.488,0.524,1.0,0.19899999999999998,98.7,98.5,82.08,98.0,0.418,39,83,0.47,14,40,0.35,14,18,0.778,7,39,46,30,9,8,15,20,106,8.0,107.2,107.1,99.5,100.0,7.6,7.1,0.769,2.0,22.1,0.222,0.784,0.521,15.164000000000001,15.2,0.5539999999999999,0.583,1.0,0.2,98.7,98.5,82.08,99.0,0.5820000000000001,0.0,3.0,3.0,0.0,0.0,1.0
51,22100052,2021-10-26,Rockets,0.0,Mavericks,0.0,Rockets,Mavericks,36,86,0.419,16,39,0.41,18,26,0.6920000000000001,11,38,49,24,7,3,17,21,106,-10.0,102.5,101.0,110.5,110.5,-8.0,-9.5,0.667,1.41,17.3,0.24100000000000002,0.731,0.48100000000000004,16.435,16.2,0.512,0.544,1.0,0.203,104.22,105.0,87.5,105.0,0.456,43,93,0.462,12,43,0.27899999999999997,18,25,0.72,14,36,50,25,9,7,14,22,116,10.0,110.5,110.5,102.5,101.0,8.0,9.5,0.581,1.67,17.4,0.26899999999999996,0.759,0.519,14.286,14.3,0.527,0.5579999999999999,1.0,0.19699999999999998,104.22,105.0,87.5,105.0,0.544,1.0,2.0,1.0,1.0,0.3333333333,0.5
52,22100053,2021-10-26,Lakers,0.0,Spurs,0.0,Spurs,Lakers,48,108,0.444,13,36,0.361,12,22,0.545,16,43,59,33,10,6,15,22,121,-4.0,102.8,104.3,105.3,105.0,-2.5,-0.7,0.688,2.06,19.8,0.26899999999999996,0.768,0.496,13.595999999999998,13.8,0.505,0.514,1.0,0.19899999999999998,107.03,106.42,88.68,116.0,0.488,50,105,0.47600000000000003,8,30,0.267,17,22,0.773,9,47,56,20,8,10,13,21,125,4.0,105.3,105.0,102.8,104.3,2.5,0.7,0.4,1.54,13.5,0.23199999999999998,0.731,0.504,10.954,10.9,0.514,0.545,1.0,0.201,107.03,106.42,88.68,119.0,0.512,1.0,2.0,1.0,2.0,0.3333333333,0.3333333333
53,22100054,2021-10-26,Nuggets,0.0,Jazz,0.0,Jazz,Nuggets,44,85,0.518,12,39,0.308,22,29,0.759,8,33,41,20,5,6,13,22,122,12.0,117.6,120.8,108.3,107.8,9.3,12.9,0.455,1.43,15.2,0.289,0.818,0.551,13.493,13.9,0.588,0.624,1.0,0.2,102.66,101.5,84.58,101.0,0.542,42,83,0.506,10,28,0.35700000000000004,16,24,0.667,5,30,35,19,9,3,13,23,110,-12.0,108.3,107.8,117.6,120.8,-9.3,-12.9,0.452,1.46,15.1,0.182,0.711,0.449,12.8,12.7,0.5660000000000001,0.588,1.0,0.201,102.66,101.5,84.58,102.0,0.45799999999999996,2.0,0.0,2.0,1.0,1.0,0.6666666667
54,22100055,2021-10-27,Hornets,0.0,Magic,0.0,Magic,Hornets,43,88,0.489,15,40,0.375,10,13,0.769,8,25,33,22,6,2,18,21,111,-9.0,106.0,108.8,119.3,117.6,-13.3,-8.8,0.512,1.16,16.3,0.289,0.7070000000000001,0.488,18.144000000000002,18.6,0.574,0.5920000000000001,1.0,0.19899999999999998,102.64,102.0,85.0,102.0,0.40700000000000003,43,83,0.518,14,30,0.467,20,24,0.833,10,30,40,22,14,4,16,14,120,9.0,119.3,117.6,106.0,108.8,13.3,8.8,0.512,1.29,16.6,0.293,0.711,0.512,16.905,16.7,0.602,0.6409999999999999,1.0,0.19899999999999998,102.64,102.0,85.0,102.0,0.593,1.0,3.0,3.0,1.0,0.25,0.75
55,22100056,2021-10-27,Wizards,0.0,Celtics,0.0,Wizards,Celtics,43,84,0.512,9,25,0.36,21,29,0.7240000000000001,11,36,47,18,8,7,15,20,116,9.0,114.0,116.0,106.7,108.1,7.3,7.9,0.419,1.13,13.8,0.364,0.725,0.5579999999999999,15.722999999999999,16.0,0.565,0.599,1.0,0.19899999999999998,101.04,99.5,82.92,100.0,0.556,37,85,0.435,10,29,0.345,23,28,0.821,10,27,37,18,9,5,13,21,107,-9.0,106.7,108.1,114.0,116.0,-7.3,-7.9,0.486,1.38,14.0,0.275,0.636,0.442,12.959000000000001,13.1,0.494,0.55,1.0,0.203,101.04,99.5,82.92,99.0,0.444,2.0,1.0,2.0,2.0,0.6666666667,0.5
56,22100057,2021-10-27,Heat,0.0,Nets,0.0,Heat,Nets,38,96,0.396,8,29,0.276,22,26,0.846,17,45,62,21,6,2,14,19,106,13.0,100.5,103.9,90.2,90.3,10.4,13.6,0.5529999999999999,1.4,14.6,0.35,0.887,0.602,14.225999999999999,14.7,0.43799999999999994,0.493,1.0,0.198,104.3,102.5,85.42,102.0,0.561,33,85,0.38799999999999996,14,43,0.326,13,14,0.929,4,38,42,21,7,7,15,24,93,-13.0,90.2,90.3,100.5,103.9,-10.4,-13.6,0.636,1.31,16.4,0.113,0.65,0.39799999999999996,15.51,15.5,0.47100000000000003,0.51,1.0,0.196,104.3,102.5,85.42,103.0,0.439,2.0,1.0,2.0,2.0,0.6666666667,0.5
57,22100058,2021-10-27,Pacers,0.0,Raptors,0.0,Raptors,Pacers,46,100,0.46,14,30,0.467,12,19,0.632,16,25,41,22,18,6,10,20,118,18.0,113.1,121.6,99.5,103.1,13.5,18.6,0.478,1.83,15.5,0.431,0.643,0.52,11.499,12.4,0.53,0.544,1.0,0.196,102.42,97.0,80.83,97.0,0.564,38,79,0.48100000000000004,10,29,0.345,14,17,0.8240000000000001,9,31,40,19,6,7,22,19,100,-18.0,99.5,103.1,113.1,121.6,-13.5,-18.6,0.5,0.83,14.8,0.35700000000000004,0.569,0.48,22.89,23.7,0.544,0.578,1.0,0.19899999999999998,102.42,97.0,80.83,97.0,0.436,1.0,3.0,1.0,3.0,0.25,0.25
58,22100059,2021-10-27,Hawks,0.0,Pelicans,0.0,Pelicans,Hawks,40,93,0.43,11,36,0.306,8,9,0.889,9,35,44,24,5,6,9,19,99,-3.0,101.1,104.2,109.1,107.4,-8.1,-3.2,0.6,2.4,18.3,0.259,0.638,0.455,10.208,10.5,0.489,0.511,1.0,0.198,95.72,95.0,79.17,95.0,0.494,40,96,0.41700000000000004,8,30,0.267,14,17,0.8240000000000001,21,34,55,21,4,4,11,14,102,3.0,109.1,107.4,101.1,104.2,8.1,3.2,0.525,1.91,15.5,0.36200000000000004,0.741,0.545,11.767000000000001,11.6,0.45799999999999996,0.493,1.0,0.19899999999999998,95.72,95.0,79.17,95.0,0.506,1.0,3.0,2.0,1.0,0.25,0.6666666667
59,22100060,2021-10-27,Timberwolves,0.0,Bucks,0.0,Timberwolves,Bucks,43,91,0.473,13,45,0.289,14,17,0.8240000000000001,10,39,49,29,5,4,17,20,113,5.0,107.1,113.0,107.7,108.0,-0.6,5.0,0.674,1.71,20.1,0.327,0.7240000000000001,0.542,16.117,17.0,0.544,0.574,1.0,0.19699999999999998,102.86,100.0,83.33,100.0,0.5379999999999999,39,95,0.41100000000000003,14,51,0.275,16,21,0.762,13,30,43,22,10,3,8,18,108,-5.0,107.7,108.0,107.1,113.0,0.6,-5.0,0.564,2.44,16.3,0.276,0.6729999999999999,0.45799999999999996,8.978,9.0,0.484,0.518,1.0,0.2,102.86,100.0,83.33,100.0,0.462,2.0,1.0,3.0,1.0,0.6666666667,0.75
60,22100061,2021-10-27,Lakers,0.0,Thunder,0.0,Thunder,Lakers,43,86,0.5,15,37,0.405,22,29,0.759,10,32,42,21,8,3,15,16,123,8.0,117.4,117.1,109.4,110.6,8.1,6.6,0.488,1.31,15.5,0.261,0.75,0.511,15.273,15.2,0.5870000000000001,0.623,1.0,0.19899999999999998,104.96,104.5,87.08,105.0,0.518,46,92,0.5,11,35,0.314,12,14,0.857,10,30,40,29,8,2,17,22,115,-8.0,109.4,110.6,117.4,117.1,-8.1,-6.6,0.63,1.71,20.1,0.25,0.7390000000000001,0.489,16.166,16.3,0.56,0.586,1.0,0.2,104.96,104.5,87.08,104.0,0.48200000000000004,0.0,4.0,2.0,2.0,0.0,0.5
61,22100062,2021-10-27,Kings,0.0,Suns,0.0,Kings,Suns,42,95,0.442,15,38,0.395,11,15,0.733,8,32,40,28,7,6,11,20,110,3.0,104.2,110.0,106.4,104.9,-2.2,5.1,0.667,2.33,19.8,0.23199999999999998,0.6729999999999999,0.444,11.364,12.0,0.521,0.541,1.0,0.19699999999999998,103.08,101.0,84.17,100.0,0.48,42,93,0.452,6,22,0.273,17,24,0.708,14,42,56,23,6,6,11,16,107,-3.0,106.4,104.9,104.2,110.0,2.2,-5.1,0.5479999999999999,2.09,16.7,0.327,0.768,0.556,10.939,10.8,0.484,0.517,1.0,0.201,103.08,101.0,84.17,102.0,0.52,1.0,2.0,1.0,2.0,0.3333333333,0.3333333333
62,22100063,2021-10-27,Grizzlies,0.0,Trail Blazers,0.0,Trail Blazers,Grizzlies,39,84,0.46399999999999997,15,36,0.41700000000000004,23,31,0.742,13,35,48,22,11,6,13,20,116,20.0,117.6,117.2,91.1,96.0,26.5,21.2,0.564,1.57,16.5,0.3,0.5670000000000001,0.45299999999999996,14.193,14.1,0.5539999999999999,0.594,1.0,0.201,102.0,99.5,82.92,99.0,0.659,35,96,0.365,17,50,0.34,9,19,0.474,21,29,50,27,9,3,21,25,96,-20.0,91.1,96.0,117.6,117.2,-26.5,-21.2,0.7709999999999999,1.23,17.6,0.433,0.7,0.547,20.881,22.0,0.45299999999999996,0.46,1.0,0.198,102.0,99.5,82.92,100.0,0.341,1.0,2.0,2.0,1.0,0.3333333333,0.6666666667
63,22100064,2021-10-27,Cavaliers,0.0,Clippers,0.0,Clippers,Cavaliers,31,87,0.35600000000000004,9,41,0.22,8,13,0.615,9,27,36,19,13,2,14,24,79,-13.0,80.8,82.3,92.1,95.8,-11.3,-13.5,0.613,1.36,15.1,0.2,0.62,0.391,14.327,14.6,0.408,0.426,1.0,0.19899999999999998,98.8,96.0,80.0,96.0,0.365,33,81,0.40700000000000003,3,20,0.15,23,27,0.852,14,43,57,12,9,3,20,14,92,13.0,92.1,95.8,80.8,82.3,11.3,13.5,0.364,0.57,9.5,0.38,0.8,0.609,21.025,21.9,0.426,0.495,1.0,0.198,98.8,96.0,80.0,96.0,0.635,1.0,2.0,2.0,2.0,0.3333333333,0.5
64,22100065,2021-10-28,Pistons,0.0,76ers,0.0,76ers,Pistons,38,76,0.5,12,27,0.444,22,24,0.917,6,40,46,22,7,9,20,23,110,8.0,108.3,111.1,100.1,103.0,8.2,8.1,0.579,1.05,17.0,0.282,0.727,0.5429999999999999,20.677,21.2,0.579,0.635,1.0,0.19899999999999998,101.72,99.0,82.5,99.0,0.581,35,86,0.40700000000000003,13,39,0.33299999999999996,19,27,0.7040000000000001,10,27,37,22,11,4,12,22,102,-8.0,100.1,103.0,108.3,111.1,-8.2,-8.1,0.629,1.57,16.4,0.273,0.718,0.457,13.742,14.1,0.483,0.521,1.0,0.19699999999999998,101.72,99.0,82.5,99.0,0.419,2.0,2.0,0.0,3.0,0.5,0.0
65,22100066,2021-10-28,Hawks,0.0,Wizards,0.0,Wizards,Hawks,46,99,0.465,13,34,0.382,17,21,0.81,14,37,51,26,6,4,6,16,122,11.0,118.2,120.8,109.7,109.9,8.4,10.9,0.565,2.89,18.2,0.309,0.8640000000000001,0.556,8.718,8.9,0.53,0.564,1.0,0.193,102.2,101.0,84.17,101.0,0.521,48,88,0.545,6,21,0.28600000000000003,9,14,0.643,6,37,43,26,4,3,13,16,111,-11.0,109.7,109.9,118.2,120.8,-8.4,-10.9,0.542,2.0,19.5,0.136,0.691,0.444,12.850999999999999,12.9,0.58,0.589,1.0,0.196,102.2,101.0,84.17,101.0,0.479,3.0,1.0,3.0,1.0,0.75,0.75
66,22100067,2021-10-28,Knicks,0.0,Bulls,0.0,Knicks,Bulls,39,85,0.45899999999999996,11,29,0.379,15,20,0.75,11,38,49,16,5,7,13,21,104,1.0,108.6,110.6,107.7,109.6,0.9,1.1,0.41,1.23,13.0,0.271,0.8370000000000001,0.557,13.57,13.8,0.524,0.5539999999999999,1.0,0.19699999999999998,95.74,94.0,78.33,94.0,0.475,36,84,0.429,11,32,0.344,20,22,0.909,5,32,37,25,6,5,7,18,103,-1.0,107.7,109.6,108.6,110.6,-0.9,-1.1,0.6940000000000001,3.57,19.9,0.163,0.7290000000000001,0.44299999999999995,7.316,7.4,0.494,0.55,1.0,0.19899999999999998,95.74,94.0,78.33,94.0,0.525,3.0,1.0,4.0,0.0,0.75,1.0
67,22100068,2021-10-28,Jazz,0.0,Rockets,0.0,Jazz,Rockets,41,85,0.48200000000000004,16,46,0.348,24,30,0.8,10,48,58,24,8,4,16,23,122,31.0,112.8,117.3,88.2,87.5,24.5,29.8,0.585,1.2,16.9,0.35600000000000004,0.7879999999999999,0.613,18.484,19.2,0.5760000000000001,0.621,1.0,0.193,105.66,104.0,86.67,104.0,0.7070000000000001,31,95,0.326,9,44,0.205,20,23,0.87,13,28,41,15,8,3,11,24,91,-31.0,88.2,87.5,112.8,117.3,-24.5,-29.8,0.484,1.36,11.4,0.212,0.644,0.387,10.667,10.6,0.374,0.433,1.0,0.2,105.66,104.0,86.67,104.0,0.293,3.0,0.0,1.0,3.0,1.0,0.25
68,22100069,2021-10-28,Spurs,0.0,Mavericks,0.0,Spurs,Mavericks,39,88,0.44299999999999995,12,30,0.4,9,15,0.6,11,37,48,21,6,11,14,16,99,-5.0,100.4,103.1,105.3,108.3,-4.9,-5.2,0.5379999999999999,1.4,16.1,0.28300000000000003,0.731,0.505,15.213,15.6,0.511,0.523,1.0,0.19899999999999998,98.66,96.0,80.0,96.0,0.521,41,89,0.461,18,45,0.4,4,13,0.308,9,36,45,18,4,7,12,19,104,5.0,105.3,108.3,100.4,103.1,4.9,5.2,0.439,1.38,14.3,0.26899999999999996,0.7170000000000001,0.495,13.169,13.5,0.562,0.5489999999999999,1.0,0.19899999999999998,98.66,96.0,80.0,96.0,0.479,1.0,3.0,2.0,1.0,0.25,0.6666666667
69,22100070,2021-10-28,Grizzlies,0.0,Warriors,0.0,Grizzlies,Grizzlies,39,97,0.402,12,48,0.25,14,14,1.0,10,41,51,25,17,9,17,14,104,3.0,93.6,95.4,90.8,93.5,2.8,1.9,0.6409999999999999,1.39,17.1,0.276,0.792,0.523,16.192999999999998,16.5,0.46399999999999997,0.504,1.0,0.2,100.73,98.26,81.89,109.0,0.537,39,97,0.402,12,48,0.25,14,14,1.0,10,41,51,25,17,9,17,14,104,3.0,93.6,95.4,90.8,93.5,2.8,1.9,0.6409999999999999,1.39,17.1,0.276,0.792,0.523,16.192999999999998,16.5,0.46399999999999997,0.504,1.0,0.2,100.73,98.26,81.89,109.0,0.537,2.0,2.0,2.0,2.0,0.5,0.5
70,22100071,2021-10-29,Magic,0.0,Raptors,0.0,Raptors,Raptors,43,86,0.5,9,30,0.3,15,22,0.682,9,31,40,18,11,2,7,18,110,1.0,116.2,118.3,110.1,116.0,6.1,2.3,0.419,2.25,14.8,0.239,0.653,0.45299999999999996,8.45,8.6,0.552,0.575,1.0,0.19699999999999998,96.86,93.5,77.92,93.0,0.541,43,86,0.5,9,30,0.3,15,22,0.682,9,31,40,18,11,2,7,18,110,1.0,116.2,118.3,110.1,116.0,6.1,2.3,0.419,2.25,14.8,0.239,0.653,0.45299999999999996,8.45,8.6,0.552,0.575,1.0,0.19699999999999998,96.86,93.5,77.92,93.0,0.541,2.0,3.0,2.0,3.0,0.4,0.4
71,22100072,2021-10-29,Pacers,0.0,Nets,0.0,Pacers,Pacers,37,93,0.39799999999999996,8,29,0.276,16,23,0.696,11,35,46,20,9,7,14,27,98,-7.0,92.3,97.0,102.9,102.9,-10.6,-5.9,0.541,1.43,14.6,0.298,0.7759999999999999,0.519,13.193,13.9,0.441,0.475,1.0,0.2,104.08,101.5,84.58,101.0,0.424,37,93,0.39799999999999996,8,29,0.276,16,23,0.696,11,35,46,20,9,7,14,27,98,-7.0,92.3,97.0,102.9,102.9,-10.6,-5.9,0.541,1.43,14.6,0.298,0.7759999999999999,0.519,13.193,13.9,0.441,0.475,1.0,0.2,104.08,101.5,84.58,101.0,0.424,1.0,4.0,1.0,4.0,0.2,0.2
72,22100073,2021-10-29,Hornets,0.0,Heat,0.0,Heat,Heat,43,91,0.473,9,35,0.257,19,19,1.0,16,44,60,23,6,3,17,20,114,15.0,112.5,115.2,99.3,100.0,13.2,15.2,0.535,1.28,16.4,0.43799999999999994,0.763,0.617,17.758,18.2,0.522,0.574,1.0,0.19899999999999998,100.52,99.0,82.5,99.0,0.601,43,91,0.473,9,35,0.257,19,19,1.0,16,44,60,23,6,3,17,20,114,15.0,112.5,115.2,99.3,100.0,13.2,15.2,0.535,1.28,16.4,0.43799999999999994,0.763,0.617,17.758,18.2,0.522,0.574,1.0,0.19899999999999998,100.52,99.0,82.5,99.0,0.601,3.0,1.0,3.0,1.0,0.75,0.75
73,22100074,2021-10-29,Kings,0.0,Pelicans,0.0,Kings,Kings,40,80,0.5,9,27,0.33299999999999996,24,25,0.96,3,42,45,19,4,5,14,20,113,4.0,110.8,111.9,102.8,107.9,8.0,4.0,0.475,1.36,15.3,0.122,0.698,0.47100000000000003,13.725,13.9,0.556,0.621,1.0,0.198,104.0,101.0,84.17,101.0,0.5589999999999999,40,80,0.5,9,27,0.33299999999999996,24,25,0.96,3,42,45,19,4,5,14,20,113,4.0,110.8,111.9,102.8,107.9,8.0,4.0,0.475,1.36,15.3,0.122,0.698,0.47100000000000003,13.725,13.9,0.556,0.621,1.0,0.198,104.0,101.0,84.17,101.0,0.5589999999999999,2.0,2.0,2.0,2.0,0.5,0.5
74,22100075,2021-10-29,Mavericks,0.0,Nuggets,0.0,Nuggets,Nuggets,43,83,0.518,11,36,0.306,9,13,0.6920000000000001,5,46,51,28,8,3,19,24,106,31.0,102.2,105.0,75.8,75.8,26.3,29.2,0.6509999999999999,1.4,20.5,0.23800000000000002,0.877,0.606,19.283,19.8,0.584,0.597,1.0,0.195,101.3,100.0,83.33,101.0,0.73,43,83,0.518,11,36,0.306,9,13,0.6920000000000001,5,46,51,28,8,3,19,24,106,31.0,102.2,105.0,75.8,75.8,26.3,29.2,0.6509999999999999,1.4,20.5,0.23800000000000002,0.877,0.606,19.283,19.8,0.584,0.597,1.0,0.195,101.3,100.0,83.33,101.0,0.73,2.0,2.0,2.0,2.0,0.5,0.5
75,22100076,2021-10-29,Clippers,0.0,Trail Blazers,0.0,Trail Blazers,Trail Blazers,41,98,0.418,19,41,0.46299999999999997,10,16,0.625,16,47,63,21,8,6,14,19,111,19.0,107.7,109.9,91.1,92.9,16.7,17.0,0.512,1.5,15.0,0.344,0.877,0.602,13.587,13.9,0.515,0.528,1.0,0.2,102.04,100.0,83.33,101.0,0.588,41,98,0.418,19,41,0.46299999999999997,10,16,0.625,16,47,63,21,8,6,14,19,111,19.0,107.7,109.9,91.1,92.9,16.7,17.0,0.512,1.5,15.0,0.344,0.877,0.602,13.587,13.9,0.515,0.528,1.0,0.2,102.04,100.0,83.33,101.0,0.588,2.0,2.0,2.0,2.0,0.5,0.5
76,22100077,2021-10-29,Cavaliers,0.0,Lakers,0.0,Lakers,Lakers,46,84,0.5479999999999999,12,27,0.444,9,10,0.9,11,31,42,24,9,6,20,20,113,12.0,113.7,120.2,105.6,108.6,8.1,11.6,0.522,1.09,17.9,0.462,0.615,0.5489999999999999,22.13300000000001,23.4,0.619,0.639,1.0,0.19399999999999998,97.54,93.5,77.92,94.0,0.5589999999999999,46,84,0.5479999999999999,12,27,0.444,9,10,0.9,11,31,42,24,9,6,20,20,113,12.0,113.7,120.2,105.6,108.6,8.1,11.6,0.522,1.09,17.9,0.462,0.615,0.5489999999999999,22.13300000000001,23.4,0.619,0.639,1.0,0.19399999999999998,97.54,93.5,77.92,94.0,0.5589999999999999,2.0,3.0,2.0,3.0,0.4,0.4
77,22100078,2021-10-30,Celtics,0.0,Wizards,0.0,Wizards,Celtics,38,104,0.365,10,36,0.278,29,36,0.8059999999999999,12,50,62,19,6,7,13,22,115,3.0,95.2,95.0,91.8,93.3,3.4,1.7,0.5,1.46,12.5,0.217,0.8029999999999999,0.504,10.758,10.7,0.413,0.48,1.0,0.19899999999999998,100.49,99.72,83.1,121.0,0.51,44,107,0.41100000000000003,2,26,0.077,22,25,0.88,8,46,54,23,8,10,11,32,112,-3.0,91.8,93.3,95.2,95.0,-3.4,-1.7,0.523,1.92,15.0,0.19699999999999998,0.7829999999999999,0.496,9.836,10.0,0.42100000000000004,0.475,1.0,0.198,100.49,99.72,83.1,120.0,0.49,4.0,1.0,2.0,3.0,0.8,0.4
78,22100079,2021-10-30,Magic,0.0,Pistons,0.0,Magic,Pistons,38,87,0.4370000000000001,16,32,0.5,11,15,0.733,12,34,46,21,5,6,17,21,103,-7.0,103.4,105.1,108.7,110.0,-5.3,-4.9,0.5529999999999999,1.17,15.8,0.28,0.607,0.45299999999999996,18.072,18.4,0.529,0.55,1.0,0.19899999999999998,100.4,99.0,82.5,98.0,0.451,36,89,0.40399999999999997,14,43,0.326,24,30,0.8,17,31,48,26,12,6,13,18,110,7.0,108.7,110.0,103.4,105.1,5.3,4.9,0.722,1.63,18.0,0.39299999999999996,0.72,0.547,15.81,16.0,0.483,0.5379999999999999,1.0,0.195,100.4,99.0,82.5,100.0,0.5489999999999999,1.0,4.0,0.0,4.0,0.2,0.0
79,22100080,2021-10-30,Knicks,0.0,Pelicans,0.0,Knicks,Pelicans,42,81,0.519,19,33,0.5760000000000001,20,25,0.8,5,32,37,22,7,4,12,21,123,6.0,124.2,124.2,114.1,118.2,10.2,6.1,0.524,1.83,17.5,0.195,0.667,0.457,12.120999999999999,12.1,0.636,0.6679999999999999,1.0,0.20199999999999999,100.78,99.0,82.5,99.0,0.516,42,92,0.457,11,33,0.33299999999999996,22,24,0.917,12,31,43,30,7,3,11,24,117,-6.0,114.1,118.2,124.2,124.2,-10.2,-6.1,0.7140000000000001,2.5,20.8,0.33299999999999996,0.805,0.5429999999999999,11.7,12.1,0.516,0.57,1.0,0.19699999999999998,100.78,99.0,82.5,99.0,0.484,4.0,1.0,1.0,4.0,0.8,0.2
80,22100081,2021-10-30,Raptors,0.0,Pacers,0.0,Raptors,Pacers,39,92,0.424,11,32,0.344,8,12,0.667,12,36,48,18,8,4,15,17,97,3.0,93.9,98.0,94.0,94.9,0.0,3.0,0.462,1.0,13.5,0.327,0.76,0.5329999999999999,17.428,18.2,0.484,0.499,1.0,0.19399999999999998,101.66,99.0,82.5,99.0,0.484,35,81,0.4320000000000001,13,43,0.302,11,16,0.688,8,32,40,25,8,10,19,17,94,-3.0,94.0,94.9,93.9,98.0,0.0,-3.0,0.7140000000000001,1.25,18.8,0.24,0.6729999999999999,0.467,19.992,20.2,0.512,0.534,1.0,0.2,101.66,99.0,82.5,99.0,0.516,2.0,3.0,1.0,4.0,0.4,0.2
81,22100082,2021-10-30,Hawks,0.0,76ers,0.0,76ers,Hawks,46,86,0.535,12,38,0.316,18,19,0.9470000000000001,5,32,37,24,11,6,12,24,122,28.0,120.4,122.0,91.8,94.9,28.5,27.1,0.522,2.0,18.4,0.2,0.613,0.451,11.839,12.0,0.605,0.6459999999999999,1.0,0.19699999999999998,101.86,99.5,82.92,100.0,0.649,36,95,0.379,8,22,0.364,14,19,0.737,20,29,49,24,6,1,19,17,94,-28.0,91.8,94.9,120.4,122.0,-28.5,-27.1,0.667,1.26,16.4,0.387,0.8,0.5489999999999999,18.562,19.2,0.42100000000000004,0.455,1.0,0.19899999999999998,101.86,99.5,82.92,99.0,0.35100000000000003,3.0,2.0,3.0,2.0,0.6,0.6
82,22100083,2021-10-30,Jazz,0.0,Bulls,0.0,Jazz,Bulls,35,92,0.38,11,38,0.289,18,19,0.9470000000000001,14,40,54,15,5,7,20,21,99,-8.0,93.1,96.1,102.7,102.9,-9.6,-6.8,0.429,0.75,11.1,0.316,0.778,0.541,18.804000000000002,19.4,0.44,0.493,1.0,0.19899999999999998,105.28,103.5,86.25,103.0,0.445,39,91,0.429,5,21,0.23800000000000002,24,30,0.8,9,36,45,16,8,5,9,19,107,8.0,102.7,102.9,93.1,96.1,9.6,6.8,0.41,1.78,12.4,0.222,0.684,0.45899999999999996,8.637,8.7,0.456,0.513,1.0,0.2,105.28,103.5,86.25,104.0,0.555,4.0,0.0,4.0,1.0,1.0,0.8
83,22100084,2021-10-30,Heat,0.0,Grizzlies,0.0,Heat,Grizzlies,46,88,0.523,21,37,0.568,16,19,0.8420000000000001,11,39,50,31,12,2,18,17,129,26.0,124.8,129.0,99.8,103.0,25.0,26.0,0.674,1.72,21.3,0.3720000000000001,0.764,0.5920000000000001,17.415,18.0,0.642,0.669,1.0,0.19899999999999998,103.3,100.0,83.33,100.0,0.611,34,88,0.386,16,50,0.32,19,21,0.905,8,24,32,26,14,7,14,17,103,-26.0,99.8,103.0,124.8,129.0,-25.0,-26.0,0.765,1.86,18.9,0.23600000000000002,0.628,0.408,13.561,14.0,0.47700000000000004,0.53,1.0,0.2,103.3,100.0,83.33,100.0,0.389,3.0,1.0,2.0,2.0,0.75,0.5
84,22100085,2021-10-30,Spurs,0.0,Bucks,0.0,Spurs,Bucks,39,95,0.41100000000000003,7,31,0.226,17,24,0.708,8,41,49,28,12,3,9,13,102,9.0,94.8,95.3,86.1,86.1,8.8,9.2,0.718,2.8,19.5,0.175,0.818,0.491,9.297,9.3,0.447,0.483,1.0,0.19899999999999998,107.8,107.5,89.58,107.0,0.5920000000000001,36,89,0.40399999999999997,10,39,0.256,11,16,0.688,9,43,52,20,6,2,19,18,93,-9.0,86.1,86.1,94.8,95.3,-8.8,-9.2,0.556,0.95,14.6,0.182,0.825,0.509,19.437,19.4,0.461,0.484,1.0,0.195,107.8,107.5,89.58,108.0,0.408,1.0,4.0,3.0,2.0,0.2,0.6
85,22100086,2021-10-30,Thunder,0.0,Warriors,0.0,Thunder,Warriors,29,81,0.358,8,39,0.205,16,21,0.762,3,42,45,14,8,6,16,8,82,-21.0,79.4,80.4,101.5,101.0,-22.0,-20.6,0.483,0.88,11.6,0.113,0.782,0.45399999999999996,15.498,15.7,0.40700000000000003,0.45399999999999996,1.0,0.201,102.38,102.0,85.0,102.0,0.405,39,92,0.424,21,52,0.40399999999999997,4,8,0.5,10,46,56,30,9,6,15,21,103,21.0,101.5,101.0,79.4,80.4,22.0,20.6,0.769,1.88,21.2,0.218,0.887,0.546,15.76,15.7,0.5379999999999999,0.539,1.0,0.19899999999999998,102.38,102.0,85.0,102.0,0.595,1.0,4.0,4.0,0.0,0.2,1.0
86,22100087,2021-10-30,Nuggets,0.0,Timberwolves,0.0,Timberwolves,Nuggets,35,90,0.389,13,41,0.317,8,9,0.889,16,31,47,21,8,6,20,23,91,-2.0,92.9,94.8,93.9,95.9,-1.0,-1.1,0.6,1.05,15.6,0.33899999999999997,0.623,0.47700000000000004,20.416,20.8,0.461,0.484,1.0,0.2,98.5,96.5,80.42,96.0,0.424,36,88,0.409,9,37,0.243,12,16,0.75,14,34,48,24,11,11,18,15,93,2.0,93.9,95.9,92.9,94.8,1.0,1.1,0.667,1.33,17.5,0.377,0.6609999999999999,0.523,18.174,18.6,0.46,0.489,1.0,0.20199999999999999,98.5,96.5,80.42,97.0,0.5760000000000001,3.0,1.0,2.0,2.0,0.75,0.5
87,22100088,2021-10-30,Cavaliers,0.0,Suns,0.0,Suns,Cavaliers,39,84,0.46399999999999997,6,26,0.231,17,27,0.63,8,44,52,27,12,3,13,14,101,9.0,98.2,98.1,89.3,90.2,8.9,7.9,0.6920000000000001,1.8,19.6,0.22,0.804,0.528,14.58,14.6,0.5,0.527,1.0,0.19699999999999998,102.98,102.5,85.42,103.0,0.606,36,91,0.396,14,44,0.318,6,7,0.857,10,37,47,21,8,3,19,21,92,-9.0,89.3,90.2,98.2,98.1,-8.9,-7.9,0.583,1.11,15.7,0.196,0.78,0.47200000000000003,18.432000000000002,18.6,0.473,0.489,1.0,0.198,102.98,102.5,85.42,102.0,0.39399999999999996,1.0,3.0,3.0,2.0,0.25,0.6
88,22100089,2021-10-31,Kings,0.0,Mavericks,0.0,Kings,Mavericks,38,96,0.396,7,36,0.19399999999999998,16,20,0.8,17,39,56,20,6,3,12,19,99,-6.0,98.2,102.1,106.3,108.2,-8.1,-6.2,0.526,1.54,14.5,0.3670000000000001,0.741,0.544,12.897,13.4,0.4320000000000001,0.47200000000000003,1.0,0.19699999999999998,99.8,97.0,80.83,97.0,0.465,40,90,0.444,12,37,0.324,13,20,0.65,10,35,45,24,8,4,9,20,105,6.0,106.3,108.2,98.2,102.1,8.1,6.2,0.6,2.4,18.1,0.259,0.633,0.456,10.121,10.3,0.511,0.531,1.0,0.19899999999999998,99.8,97.0,80.83,97.0,0.535,2.0,2.0,3.0,1.0,0.5,0.75
89,22100090,2021-10-31,Trail Blazers,0.0,Hornets,0.0,Trail Blazers,Hornets,43,97,0.44299999999999995,17,54,0.315,10,11,0.909,15,32,47,30,4,5,12,18,113,-12.0,114.3,116.5,128.5,128.9,-14.2,-12.4,0.698,2.5,20.9,0.35200000000000004,0.7290000000000001,0.529,12.140999999999998,12.4,0.531,0.555,1.0,0.2,98.04,97.0,80.83,97.0,0.446,46,89,0.517,20,42,0.47600000000000003,13,21,0.619,10,34,44,36,4,6,8,18,125,12.0,128.5,128.9,114.3,116.5,14.2,12.4,0.7829999999999999,4.0,25.1,0.271,0.648,0.47100000000000003,9.255,9.3,0.629,0.636,1.0,0.2,98.04,97.0,80.83,97.0,0.5539999999999999,2.0,2.0,4.0,1.0,0.5,0.8
90,22100091,2021-10-31,Jazz,0.0,Bucks,0.0,Jazz,Bucks,35,75,0.467,12,37,0.324,25,27,0.9259999999999999,7,37,44,13,6,10,12,10,107,12.0,115.2,116.3,98.3,103.3,16.9,13.0,0.371,1.0,11.5,0.23800000000000002,0.667,0.485,13.997,14.1,0.547,0.616,1.0,0.198,94.76,92.0,76.67,92.0,0.617,39,96,0.406,12,41,0.293,5,6,0.833,13,31,44,16,7,3,9,22,95,-12.0,98.3,103.3,115.2,116.3,-16.9,-13.0,0.41,1.45,12.7,0.33299999999999996,0.762,0.515,11.382,12.0,0.469,0.48200000000000004,1.0,0.195,94.76,92.0,76.67,92.0,0.38299999999999995,4.0,1.0,3.0,3.0,0.8,0.5
91,22100092,2021-10-31,Pistons,0.0,Nets,0.0,Pistons,Nets,32,79,0.405,12,33,0.364,15,22,0.682,7,22,29,21,12,3,15,18,91,-26.0,94.1,94.8,120.6,120.6,-26.4,-25.8,0.6559999999999999,1.4,16.8,0.157,0.821,0.392,15.515,15.6,0.48100000000000004,0.513,1.0,0.19899999999999998,96.86,96.5,80.42,96.0,0.33899999999999997,47,72,0.653,13,25,0.52,10,16,0.625,2,39,41,30,7,2,19,19,117,26.0,120.6,120.6,94.1,94.8,26.4,25.8,0.638,1.5,23.2,0.179,0.843,0.608,20.61,20.6,0.743,0.74,1.0,0.198,96.86,96.5,80.42,97.0,0.6609999999999999,1.0,4.0,2.0,3.0,0.2,0.4
92,22100093,2021-10-31,Rockets,0.0,Lakers,0.0,Lakers,Rockets,39,96,0.406,9,31,0.29,8,13,0.615,10,33,43,22,15,9,12,20,95,10.0,89.9,92.2,80.4,83.3,9.5,8.9,0.564,1.57,16.0,0.23,0.706,0.446,13.243,13.6,0.45299999999999996,0.467,1.0,0.19399999999999998,105.74,102.5,85.42,103.0,0.569,32,76,0.42100000000000004,6,28,0.214,15,29,0.517,10,45,55,18,8,3,25,18,85,-10.0,80.4,83.3,89.9,92.2,-9.5,-8.9,0.563,0.67,13.5,0.294,0.77,0.5539999999999999,25.53,26.5,0.461,0.479,1.0,0.19699999999999998,105.74,102.5,85.42,102.0,0.431,2.0,3.0,1.0,4.0,0.4,0.2
93,22100094,2021-11-01,Cavaliers,0.0,Hornets,0.0,Cavaliers,Hornets,39,90,0.433,9,28,0.321,26,38,0.684,17,32,49,21,12,8,16,14,113,3.0,106.9,113.0,105.2,110.0,1.7,3.0,0.5379999999999999,1.31,14.6,0.47200000000000003,0.557,0.518,15.134,16.0,0.483,0.529,1.0,0.2,105.16,100.0,83.33,100.0,0.527,42,102,0.41200000000000003,15,39,0.385,11,15,0.733,21,26,47,27,12,12,17,23,110,-3.0,105.2,110.0,106.9,113.0,-1.7,-3.0,0.643,1.59,17.7,0.44299999999999995,0.528,0.48200000000000004,16.252,17.0,0.485,0.506,1.0,0.19899999999999998,105.16,100.0,83.33,100.0,0.473,3.0,3.0,5.0,1.0,0.5,0.8333333333
94,22100095,2021-11-01,Spurs,0.0,Pacers,0.0,Spurs,Pacers,47,89,0.528,14,28,0.5,10,14,0.7140000000000001,8,28,36,34,6,4,16,9,118,-13.0,113.3,118.0,128.1,132.3,-14.8,-14.3,0.723,2.0,23.3,0.311,0.667,0.483,16.320999999999998,17.0,0.607,0.62,1.0,0.196,103.22,99.5,82.92,100.0,0.465,52,91,0.5710000000000001,18,38,0.474,9,12,0.75,10,29,39,37,11,4,14,19,131,13.0,128.1,132.3,113.3,118.0,14.8,14.3,0.7120000000000001,2.31,24.8,0.33299999999999996,0.6890000000000001,0.517,15.642999999999999,16.2,0.67,0.68,1.0,0.196,103.22,99.5,82.92,99.0,0.535,2.0,4.0,1.0,5.0,0.3333333333,0.1666666667
95,22100096,2021-11-01,Trail Blazers,0.0,76ers,0.0,Trail Blazers,76ers,40,84,0.47600000000000003,12,34,0.353,11,18,0.611,13,32,45,21,5,2,14,15,103,-10.0,109.7,109.6,120.2,121.5,-10.5,-11.9,0.525,1.4,16.4,0.34,0.805,0.557,15.970999999999998,16.0,0.5479999999999999,0.56,1.0,0.198,93.98,93.5,77.92,94.0,0.42100000000000004,43,83,0.518,13,36,0.361,14,16,0.875,7,27,34,34,11,6,10,18,113,10.0,120.2,121.5,109.7,109.6,10.5,11.9,0.7909999999999999,3.09,25.2,0.195,0.66,0.44299999999999995,11.697000000000001,11.8,0.596,0.627,1.0,0.196,93.98,93.5,77.92,93.0,0.579,2.0,3.0,4.0,2.0,0.4,0.6666666667
96,22100097,2021-11-01,Wizards,0.0,Hawks,0.0,Wizards,Hawks,41,86,0.47700000000000004,13,39,0.33299999999999996,16,16,1.0,7,29,36,27,7,4,12,24,111,-7.0,113.2,116.8,125.9,122.9,-12.6,-6.1,0.659,2.25,20.4,0.222,0.667,0.444,12.24,12.6,0.552,0.597,1.0,0.198,95.9,95.5,79.58,95.0,0.449,38,83,0.45799999999999996,13,34,0.382,29,29,1.0,13,34,47,24,9,5,11,17,118,7.0,125.9,122.9,113.2,116.8,12.6,6.1,0.632,2.18,18.4,0.33299999999999996,0.778,0.556,11.732000000000001,11.5,0.536,0.616,1.0,0.20199999999999999,95.9,95.5,79.58,96.0,0.551,5.0,1.0,3.0,3.0,0.8333333333,0.5
97,22100098,2021-11-01,Bulls,0.0,Celtics,0.0,Bulls,Celtics,49,86,0.57,13,31,0.419,17,18,0.9440000000000001,10,40,50,30,7,8,14,19,128,14.0,125.6,126.7,113.1,111.8,12.5,15.0,0.612,1.67,21.1,0.324,0.737,0.574,17.660999999999994,17.8,0.645,0.6809999999999999,1.0,0.193,101.36,101.5,84.58,101.0,0.599,42,96,0.43799999999999994,15,33,0.455,15,20,0.75,13,25,38,20,10,1,9,15,114,-14.0,113.1,111.8,125.6,126.7,-12.5,-15.0,0.47600000000000003,2.22,14.9,0.263,0.6759999999999999,0.426,8.929,8.8,0.516,0.544,1.0,0.2,101.36,101.5,84.58,102.0,0.401,5.0,1.0,2.0,4.0,0.8333333333,0.3333333333
98,22100099,2021-11-01,Raptors,0.0,Knicks,0.0,Raptors,Knicks,43,99,0.434,14,42,0.33299999999999996,13,14,0.929,13,35,48,24,12,4,8,20,113,9.0,111.7,115.3,107.7,107.2,4.0,8.1,0.5579999999999999,2.67,17.4,0.33899999999999997,0.8,0.545,8.897,9.2,0.505,0.537,1.0,0.198,98.86,97.5,81.25,98.0,0.5429999999999999,35,76,0.461,16,38,0.42100000000000004,18,24,0.75,7,34,41,20,3,4,16,13,104,-9.0,107.7,107.2,111.7,115.3,-4.0,-8.1,0.5710000000000001,1.18,16.2,0.2,0.6609999999999999,0.455,17.605999999999995,17.5,0.5660000000000001,0.601,1.0,0.201,98.86,97.5,81.25,97.0,0.457,3.0,3.0,5.0,1.0,0.5,0.8333333333
99,22100100,2021-11-01,Nuggets,0.0,Grizzlies,0.0,Grizzlies,Nuggets,44,97,0.45399999999999996,13,34,0.382,5,7,0.7140000000000001,11,44,55,20,8,4,12,18,106,9.0,103.8,107.1,96.4,99.0,7.4,8.1,0.455,1.54,15.0,0.321,0.83,0.575,12.735,13.1,0.521,0.53,1.0,0.198,101.34,98.5,82.08,99.0,0.506,39,88,0.44299999999999995,9,38,0.237,10,15,0.667,6,34,40,27,8,8,12,10,97,-9.0,96.4,99.0,103.8,107.1,-7.4,-8.1,0.6920000000000001,2.25,20.2,0.17,0.679,0.425,11.927999999999999,12.2,0.494,0.513,1.0,0.19899999999999998,101.34,98.5,82.08,98.0,0.494,2.0,3.0,3.0,2.0,0.4,0.6
100,22100101,2021-11-01,Magic,0.0,Timberwolves,0.0,Magic,Timberwolves,37,82,0.451,17,43,0.395,24,30,0.8,12,39,51,21,5,7,16,19,115,18.0,115.9,115.0,93.8,98.0,22.1,17.0,0.568,1.31,15.9,0.298,0.677,0.518,16.129,16.0,0.555,0.604,1.0,0.2,101.28,99.5,82.92,100.0,0.623,36,97,0.371,14,51,0.275,11,19,0.579,16,31,47,21,8,1,12,20,97,-18.0,93.8,98.0,115.9,115.0,-22.1,-17.0,0.583,1.5,15.0,0.32299999999999995,0.7020000000000001,0.48200000000000004,13.545,14.1,0.44299999999999995,0.46,1.0,0.196,101.28,99.5,82.92,99.0,0.377,1.0,5.0,3.0,2.0,0.1666666667,0.6
101,22100102,2021-11-01,Thunder,0.0,Clippers,0.0,Thunder,Clippers,35,90,0.389,11,37,0.297,13,16,0.813,10,41,51,17,8,6,16,18,94,-5.0,91.2,94.0,97.7,100.0,-6.4,-6.0,0.486,1.06,13.1,0.268,0.7070000000000001,0.491,15.527999999999999,16.0,0.45,0.484,1.0,0.198,102.2,99.5,82.92,100.0,0.48100000000000004,35,92,0.38,15,42,0.35700000000000004,14,19,0.737,13,38,51,18,8,5,12,14,99,5.0,97.7,100.0,91.2,94.0,6.4,6.0,0.514,1.29,13.6,0.293,0.732,0.509,13.812000000000001,14.1,0.462,0.493,1.0,0.198,102.2,99.5,82.92,99.0,0.519,1.0,5.0,1.0,3.0,0.1666666667,0.25
102,22100103,2021-11-02,Bucks,154.0,Pistons,-184.0,Bucks,Pistons,42,84,0.5,17,37,0.45899999999999996,16,21,0.762,9,43,52,28,7,8,15,23,117,28.0,115.6,117.0,83.8,89.9,31.8,27.1,0.667,1.65,20.3,0.295,0.706,0.545,16.792,17.0,0.601,0.627,1.0,0.196,103.72,99.5,82.92,100.0,0.7190000000000001,30,93,0.32299999999999995,8,47,0.17,21,30,0.7,14,29,43,21,5,5,14,22,89,-28.0,83.8,89.9,115.6,117.0,-31.8,-27.1,0.7,1.5,14.9,0.294,0.705,0.455,13.183,14.1,0.366,0.419,1.0,0.196,103.72,99.5,82.92,99.0,0.281,3.0,4.0,1.0,5.0,0.42857142859999997,0.1666666667
103,22100104,2021-11-02,Heat,132.0,Mavericks,-156.0,Heat,Mavericks,43,83,0.518,13,25,0.52,26,30,0.867,9,36,45,25,6,5,6,25,125,15.0,132.7,131.6,113.8,115.8,18.9,15.8,0.581,3.57,19.5,0.256,0.736,0.521,7.431,7.4,0.596,0.65,1.0,0.2,95.42,95.0,79.17,95.0,0.612,37,84,0.44,14,42,0.33299999999999996,22,31,0.71,11,30,41,17,1,3,9,21,110,-15.0,113.8,115.8,132.7,131.6,-18.9,-15.8,0.45899999999999996,1.7,13.6,0.264,0.7440000000000001,0.479,10.347999999999999,10.5,0.524,0.563,1.0,0.19699999999999998,95.42,95.0,79.17,95.0,0.38799999999999996,4.0,1.0,4.0,1.0,0.8,0.8
104,22100105,2021-11-02,Kings,-405.0,Jazz,320.0,Jazz,Kings,43,98,0.439,14,48,0.292,19,27,0.7040000000000001,15,44,59,16,7,6,16,23,119,6.0,106.4,114.4,104.1,107.6,2.3,6.8,0.3720000000000001,0.94,11.2,0.414,0.789,0.6,15.195,16.3,0.51,0.541,1.0,0.19899999999999998,110.22,104.5,87.08,104.0,0.507,42,93,0.452,12,31,0.387,17,24,0.708,6,32,38,24,8,8,11,24,113,-6.0,104.1,107.6,106.4,114.4,-2.3,-6.8,0.5710000000000001,2.18,17.3,0.21100000000000002,0.586,0.4,10.133,10.5,0.516,0.546,1.0,0.19899999999999998,110.22,104.5,87.08,105.0,0.493,5.0,1.0,2.0,3.0,0.8333333333,0.4
105,22100106,2021-11-02,Pelicans,-700.0,Suns,500.0,Suns,Pelicans,43,82,0.524,9,26,0.34600000000000003,17,18,0.9440000000000001,7,35,42,32,9,4,19,17,112,12.0,109.9,110.9,98.0,100.0,11.9,10.9,0.7440000000000001,1.68,22.7,0.225,0.679,0.49,18.642,18.8,0.579,0.623,1.0,0.196,101.98,100.5,83.75,101.0,0.575,36,91,0.396,13,39,0.33299999999999996,15,16,0.938,14,29,43,21,17,6,17,16,100,-12.0,98.0,100.0,109.9,110.9,-11.9,-10.9,0.583,1.17,15.3,0.321,0.775,0.51,17.64,18.0,0.467,0.51,1.0,0.2,101.98,100.5,83.75,100.0,0.425,2.0,3.0,1.0,5.0,0.4,0.1666666667
106,22100107,2021-11-02,Rockets,-500.0,Lakers,385.0,Lakers,Rockets,49,93,0.527,6,25,0.24,15,20,0.75,11,32,43,26,10,4,17,19,119,2.0,110.4,111.2,106.1,108.3,4.3,2.9,0.531,1.53,18.0,0.326,0.708,0.521,15.77,15.9,0.5589999999999999,0.584,1.0,0.2,109.04,107.5,89.58,107.0,0.5479999999999999,48,91,0.527,16,42,0.381,5,12,0.41700000000000004,11,27,38,27,8,4,24,21,117,-2.0,106.1,108.3,110.4,111.2,-4.3,-2.9,0.563,1.08,18.2,0.292,0.674,0.479,22.67,23.1,0.615,0.608,1.0,0.195,109.04,107.5,89.58,108.0,0.45299999999999996,3.0,3.0,1.0,5.0,0.5,0.1666666667
107,22100108,2021-11-03,Trail Blazers,0.0,Cavaliers,0.0,Trail Blazers,Cavaliers,40,90,0.444,13,37,0.35100000000000003,11,17,0.647,10,29,39,24,12,6,9,19,104,-3.0,107.8,109.5,111.6,112.6,-3.8,-3.2,0.6,2.67,18.4,0.24100000000000002,0.784,0.462,9.328,9.5,0.517,0.5329999999999999,1.0,0.19899999999999998,96.2,95.0,79.17,95.0,0.45899999999999996,39,74,0.527,15,30,0.5,14,18,0.778,5,38,43,29,4,2,17,14,107,3.0,111.6,112.6,107.8,109.5,3.8,3.2,0.7440000000000001,1.53,22.3,0.21600000000000005,0.759,0.5379999999999999,19.808,20.0,0.628,0.653,1.0,0.196,96.2,95.0,79.17,95.0,0.541,2.0,4.0,4.0,3.0,0.3333333333333333,0.5714285714285714
108,22100109,2021-11-03,Knicks,0.0,Pacers,0.0,Knicks,Pacers,36,87,0.414,5,24,0.20800000000000002,21,27,0.778,14,32,46,23,7,6,10,19,98,-13.0,103.3,102.1,110.8,114.4,-7.5,-12.3,0.639,2.3,17.4,0.259,0.68,0.462,10.54,10.4,0.44299999999999995,0.496,1.0,0.2,97.52,96.5,80.42,96.0,0.446,42,91,0.462,16,41,0.39,11,14,0.7859999999999999,10,39,49,26,7,7,11,22,111,13.0,110.8,114.4,103.3,102.1,7.5,12.3,0.619,2.0,19.1,0.32,0.741,0.5379999999999999,12.979000000000001,13.4,0.5489999999999999,0.5710000000000001,1.0,0.196,97.52,96.5,80.42,97.0,0.5539999999999999,5.0,2.0,2.0,5.0,0.7142857142857143,0.2857142857142857
109,22100110,2021-11-03,Celtics,0.0,Magic,0.0,Magic,Celtics,27,84,0.321,9,43,0.209,16,20,0.8,8,38,46,15,8,1,14,20,79,-13.0,79.2,84.0,100.0,96.8,-20.8,-12.8,0.556,1.0,12.2,0.237,0.8079999999999999,0.505,15.03,16.0,0.375,0.426,1.0,0.19899999999999998,95.9,94.5,78.75,94.0,0.358,33,79,0.418,10,37,0.27,16,25,0.64,9,41,50,24,7,9,11,20,92,13.0,100.0,96.8,79.2,84.0,20.8,12.8,0.727,2.18,19.2,0.192,0.763,0.495,11.957,11.6,0.48100000000000004,0.511,1.0,0.20199999999999999,95.9,94.5,78.75,95.0,0.642,2.0,5.0,2.0,5.0,0.2857142857142857,0.2857142857142857
110,22100111,2021-11-03,Bulls,0.0,76ers,0.0,76ers,Bulls,38,77,0.494,12,28,0.429,15,21,0.7140000000000001,5,30,35,24,9,4,14,15,103,5.0,108.1,106.2,101.1,101.0,7.0,5.2,0.632,1.71,19.3,0.136,0.773,0.455,14.7,14.4,0.5710000000000001,0.597,1.0,0.20199999999999999,96.08,97.0,80.83,97.0,0.508,38,82,0.46299999999999997,6,21,0.28600000000000003,16,18,0.889,9,38,47,19,11,4,15,17,98,-5.0,101.1,101.0,108.1,106.2,-7.0,-5.2,0.5,1.19,15.2,0.22699999999999998,0.8640000000000001,0.545,16.508,16.5,0.5,0.545,1.0,0.198,96.08,97.0,80.83,97.0,0.4920000000000001,5.0,2.0,6.0,1.0,0.7142857142857143,0.8571428571428571
111,22100112,2021-11-03,Raptors,0.0,Wizards,0.0,Wizards,Raptors,34,78,0.436,8,32,0.25,24,30,0.8,10,34,44,19,6,7,13,14,100,-9.0,106.2,103.1,110.3,113.5,-4.2,-10.4,0.5589999999999999,1.46,15.4,0.245,0.72,0.485,13.8,13.4,0.48700000000000004,0.5479999999999999,1.0,0.20199999999999999,96.5,96.5,80.42,97.0,0.5,41,88,0.466,10,25,0.4,17,20,0.85,10,32,42,17,10,3,10,23,109,9.0,110.3,113.5,106.2,103.1,4.2,10.4,0.415,1.42,13.5,0.28,0.755,0.515,12.145999999999999,12.5,0.523,0.563,1.0,0.195,96.5,96.5,80.42,96.0,0.5,5.0,2.0,4.0,3.0,0.7142857142857143,0.5714285714285714
112,22100113,2021-11-03,Hawks,0.0,Nets,0.0,Nets,Hawks,43,88,0.489,22,48,0.45799999999999996,9,12,0.75,7,35,42,34,7,8,14,18,117,9.0,114.4,113.6,105.3,103.8,9.1,9.7,0.7909999999999999,2.13,23.7,0.16699999999999998,0.745,0.47600000000000003,15.642999999999999,15.5,0.614,0.627,1.0,0.196,102.44,103.5,86.25,103.0,0.537,41,94,0.436,13,35,0.371,13,15,0.867,12,40,52,23,8,4,14,16,108,-9.0,105.3,103.8,114.4,113.6,-9.1,-9.7,0.561,1.64,16.7,0.255,0.833,0.524,13.645,13.5,0.505,0.537,1.0,0.19899999999999998,102.44,103.5,86.25,104.0,0.46299999999999997,3.0,3.0,4.0,3.0,0.5,0.5714285714285714
113,22100114,2021-11-03,Nuggets,0.0,Grizzlies,0.0,Grizzlies,Nuggets,42,81,0.519,16,34,0.47100000000000003,8,14,0.5710000000000001,3,33,36,28,9,7,11,16,108,2.0,112.3,113.7,108.5,111.6,3.8,2.1,0.667,2.33,22.0,0.14300000000000002,0.6940000000000001,0.44,12.479000000000001,12.6,0.617,0.62,1.0,0.198,96.94,95.0,79.17,95.0,0.523,43,91,0.473,8,27,0.29600000000000004,12,13,0.9229999999999999,11,33,44,24,7,4,11,16,106,-2.0,108.5,111.6,112.3,113.7,-3.8,-2.1,0.5579999999999999,2.0,18.1,0.306,0.857,0.56,12.28,12.6,0.516,0.5479999999999999,1.0,0.19699999999999998,96.94,95.0,79.17,95.0,0.47700000000000004,3.0,3.0,3.0,3.0,0.5,0.5
114,22100115,2021-11-03,Clippers,0.0,Timberwolves,0.0,Timberwolves,Clippers,43,94,0.457,14,40,0.35,15,16,0.938,15,24,39,27,11,2,16,16,115,-11.0,111.6,116.2,124.4,123.5,-12.8,-7.4,0.628,1.59,18.6,0.33299999999999996,0.774,0.5,16.498,17.2,0.532,0.569,1.0,0.195,102.16,100.5,83.75,99.0,0.4270000000000001,47,78,0.603,21,36,0.583,11,12,0.917,3,32,35,33,6,7,20,14,126,11.0,124.4,123.5,111.6,116.2,12.8,7.4,0.7020000000000001,1.57,24.0,0.226,0.667,0.5,20.735,20.6,0.737,0.7559999999999999,1.0,0.198,102.16,100.5,83.75,102.0,0.573,3.0,3.0,2.0,3.0,0.5,0.4
115,22100116,2021-11-03,Mavericks,0.0,Spurs,0.0,Spurs,Mavericks,43,88,0.489,7,21,0.33299999999999996,15,20,0.75,5,35,40,25,10,10,15,24,108,-1.0,101.1,102.9,99.3,102.8,1.8,0.0,0.581,1.67,18.3,0.146,0.644,0.42100000000000004,14.045,14.3,0.528,0.5579999999999999,1.0,0.2,108.28,105.5,87.92,105.0,0.524,40,93,0.43,8,34,0.235,21,29,0.7240000000000001,15,41,56,21,10,4,19,23,109,1.0,99.3,102.8,101.1,102.9,-1.8,0.0,0.525,1.11,14.4,0.35600000000000004,0.8540000000000001,0.579,17.31,17.9,0.473,0.515,1.0,0.19899999999999998,108.28,105.5,87.92,106.0,0.47600000000000003,2.0,5.0,4.0,2.0,0.2857142857142857,0.6666666666666666
116,22100117,2021-11-03,Hornets,0.0,Warriors,0.0,Warriors,Hornets,42,86,0.488,18,45,0.4,12,18,0.667,7,46,53,33,14,5,16,17,114,22.0,109.7,108.6,86.5,87.6,23.2,21.0,0.7859999999999999,1.94,22.9,0.184,0.8029999999999999,0.527,16.359,16.2,0.593,0.607,1.0,0.198,105.14,105.0,87.5,105.0,0.637,34,91,0.374,10,36,0.278,14,19,0.737,9,40,49,18,10,2,16,14,92,-22.0,86.5,87.6,109.7,108.6,-23.2,-21.0,0.529,1.13,13.5,0.19699999999999998,0.816,0.473,15.043,15.2,0.429,0.46299999999999997,1.0,0.198,105.14,105.0,87.5,105.0,0.363,5.0,0.0,5.0,2.0,1.0,0.7142857142857143
117,22100118,2021-11-03,Pelicans,0.0,Kings,0.0,Kings,Pelicans,42,80,0.525,10,30,0.33299999999999996,18,22,0.818,4,33,37,27,8,7,8,21,112,13.0,119.6,116.7,97.4,103.1,22.1,13.5,0.643,3.38,21.7,0.105,0.7,0.44299999999999995,8.54,8.3,0.588,0.624,1.0,0.201,97.64,96.0,80.0,96.0,0.596,37,86,0.43,12,34,0.353,13,15,0.867,8,32,40,24,1,3,16,16,99,-13.0,97.4,103.1,119.6,116.7,-22.1,-13.5,0.649,1.41,18.0,0.3,0.895,0.557,16.732,17.7,0.5,0.535,1.0,0.19699999999999998,97.64,96.0,80.0,96.0,0.40399999999999997,2.0,4.0,1.0,6.0,0.3333333333333333,0.14285714285714285
118,22100119,2021-11-04,76ers,180.0,Pistons,-220.0,76ers,Pistons,41,83,0.494,12,32,0.375,15,22,0.682,15,34,49,22,8,3,12,17,109,11.0,117.6,118.5,103.9,106.5,13.8,12.0,0.537,1.47,17.0,0.383,0.698,0.55,16.185,16.3,0.5660000000000001,0.588,1.0,0.195,93.52,92.0,76.67,92.0,0.564,35,87,0.402,11,36,0.306,17,19,0.895,12,29,41,21,6,2,11,18,98,-11.0,103.9,106.5,117.6,118.5,-13.8,-12.0,0.6,1.91,16.5,0.302,0.617,0.45,11.657,12.0,0.466,0.514,1.0,0.201,93.52,92.0,76.67,92.0,0.436,6.0,2.0,1.0,6.0,0.75,0.14285714285714285
119,22100120,2021-11-04,Jazz,104.0,Hawks,-122.0,Jazz,Hawks,41,81,0.506,17,41,0.415,17,23,0.7390000000000001,9,38,47,30,6,4,14,20,116,18.0,117.0,123.4,100.6,104.3,16.5,19.1,0.732,1.76,21.7,0.326,0.8,0.581,17.151,18.1,0.611,0.637,1.0,0.192,98.28,94.0,78.33,94.0,0.607,35,82,0.4270000000000001,7,28,0.25,21,26,0.8079999999999999,5,27,32,18,11,4,9,24,98,-18.0,100.6,104.3,117.0,123.4,-16.5,-19.1,0.514,2.0,14.9,0.2,0.674,0.419,9.236,9.6,0.47,0.524,1.0,0.199,98.28,94.0,78.33,94.0,0.393,6.0,1.0,4.0,4.0,0.8571428571428571,0.5
120,22100121,2021-11-04,Celtics,-260.0,Heat,215.0,Heat,Celtics,28,81,0.34600000000000003,9,41,0.22,13,19,0.684,13,32,45,18,8,0,18,19,78,-17.0,82.7,86.7,103.5,104.4,-20.8,-17.7,0.643,1.0,14.4,0.339,0.708,0.51,19.076,20.0,0.401,0.436,1.0,0.199,93.08,90.5,75.42,90.0,0.3720000000000001,31,78,0.397,16,41,0.39,17,20,0.85,11,35,46,16,7,4,16,16,95,17.0,103.5,104.4,82.7,86.7,20.8,17.7,0.516,1.0,13.5,0.292,0.6609999999999999,0.49,17.429000000000002,17.6,0.5,0.547,1.0,0.198,93.08,90.5,75.42,91.0,0.628,5.0,1.0,3.0,5.0,0.8333333333333334,0.375
121,22100122,2021-11-04,Rockets,-550.0,Suns,410.0,Suns,Rockets,44,93,0.473,14,31,0.452,21,23,0.913,13,33,46,29,12,8,12,24,123,12.0,120.4,117.1,98.8,105.7,21.6,11.4,0.659,2.42,20.1,0.265,0.74,0.505,11.751,11.4,0.5479999999999999,0.596,1.0,0.202,107.22,105.0,87.5,105.0,0.578,38,87,0.4370000000000001,11,31,0.355,24,28,0.857,6,36,42,25,4,4,18,21,111,-12.0,98.8,105.7,120.4,117.1,-21.6,-11.4,0.6579999999999999,1.32,17.4,0.26,0.735,0.495,16.916,18.1,0.5,0.5589999999999999,1.0,0.194,107.22,105.0,87.5,105.0,0.422,3.0,3.0,1.0,6.0,0.5,0.14285714285714285
122,22100123,2021-11-04,Thunder,1100.0,Lakers,700.0,Thunder,Lakers,37,86,0.43,15,41,0.366,18,26,0.6920000000000001,11,38,49,23,7,2,16,16,107,3.0,104.5,107.0,104.5,104.0,-0.1,3.0,0.622,1.44,16.9,0.28300000000000003,0.684,0.491,15.619000000000002,16.0,0.517,0.5489999999999999,1.0,0.199,100.96,100.0,83.33,100.0,0.524,39,94,0.415,12,33,0.364,14,17,0.8240000000000001,16,33,49,22,8,4,13,21,104,-3.0,104.5,104.0,104.5,107.0,0.1,-3.0,0.564,1.57,16.0,0.316,0.7170000000000001,0.509,14.073,14.0,0.479,0.512,1.0,0.199,100.96,100.0,83.33,100.0,0.476,1.0,6.0,4.0,3.0,0.14285714285714285,0.5714285714285714
123,22100124,2021-11-05,Nets,440.0,Pistons,-590.0,Pistons,Nets,33,87,0.379,11,34,0.324,13,18,0.722,7,37,44,17,11,6,13,22,90,-6.0,88.3,91.8,96.8,96.0,-8.5,-4.2,0.515,1.21,13.5,0.196,0.841,0.48,13.735999999999999,14.3,0.44299999999999995,0.474,1.0,0.198,100.54,99.0,82.5,98.0,0.436,36,80,0.45,11,27,0.40700000000000003,13,14,0.929,4,41,45,25,3,4,16,21,96,6.0,96.8,96.0,88.3,91.8,8.5,4.2,0.6940000000000001,1.47,19.5,0.159,0.804,0.52,17.144000000000002,17.0,0.519,0.557,1.0,0.198,100.54,99.0,82.5,100.0,0.564,1.0,7.0,4.0,3.0,0.125,0.5714285714285714
124,22100125,2021-11-05,Spurs,138.0,Magic,-164.0,Spurs,Magic,40,90,0.444,6,19,0.316,16,18,0.889,5,43,48,23,11,7,13,14,102,13.0,96.3,101.0,85.2,89.0,11.1,12.0,0.575,1.77,17.2,0.22,0.782,0.514,12.273,12.9,0.478,0.521,1.0,0.198,105.16,100.5,83.75,101.0,0.575,35,89,0.39299999999999996,12,41,0.293,7,10,0.7,7,36,43,23,9,12,18,13,89,-13.0,85.2,89.0,96.3,101.0,-11.1,-12.0,0.657,1.28,17.1,0.218,0.78,0.486,17.241,18.0,0.461,0.47600000000000003,1.0,0.19899999999999998,105.16,100.5,83.75,100.0,0.425,2.0,6.0,2.0,6.0,0.25,0.25
125,22100126,2021-11-05,Grizzlies,-108.0,Wizards,-108.0,Wizards,Grizzlies,49,84,0.583,10,25,0.4,7,13,0.5379999999999999,5,48,53,34,4,6,18,13,115,28.0,110.9,113.9,86.6,86.1,24.3,27.7,0.6940000000000001,1.79,23.8,0.263,0.79,0.59,18.319000000000003,18.8,0.643,0.6409999999999999,1.0,0.19899999999999998,102.1,101.0,84.17,101.0,0.679,34,96,0.354,6,31,0.19399999999999998,13,17,0.765,12,27,39,19,12,4,9,15,87,-28.0,86.6,86.1,110.9,113.9,-24.3,-27.7,0.5589999999999999,2.11,14.5,0.21,0.737,0.41,8.957,8.9,0.385,0.42,1.0,0.19899999999999998,102.1,101.0,84.17,101.0,0.321,5.0,3.0,4.0,3.0,0.625,0.5714285714285714
126,22100127,2021-11-05,Cavaliers,-220.0,Raptors,184.0,Raptors,Cavaliers,42,99,0.424,12,27,0.444,5,9,0.556,19,25,44,20,11,7,10,19,101,-1.0,106.4,111.0,103.7,113.3,2.7,-2.3,0.47600000000000003,1.82,14.9,0.456,0.5870000000000001,0.515,11.584000000000001,12.1,0.485,0.49,1.0,0.198,96.66,90.5,75.42,91.0,0.48200000000000004,38,82,0.46299999999999997,10,30,0.33299999999999996,16,19,0.8420000000000001,11,28,39,22,5,3,18,13,102,1.0,103.7,113.3,106.4,111.0,-2.7,2.3,0.579,1.16,16.7,0.413,0.544,0.485,19.317,21.1,0.524,0.564,1.0,0.198,96.66,90.5,75.42,90.0,0.518,5.0,3.0,5.0,3.0,0.625,0.625
127,22100128,2021-11-05,Knicks,-198.0,Bucks,166.0,Knicks,Bucks,41,96,0.42700000000000005,10,40,0.25,21,26,0.8079999999999999,20,39,59,16,11,4,13,17,113,15.0,111.4,114.1,99.8,99.0,11.6,15.2,0.39,1.14,11.6,0.439,0.8270000000000001,0.624,13.800999999999998,14.1,0.479,0.526,1.0,0.19899999999999998,99.84,99.0,82.5,99.0,0.5920000000000001,33,82,0.402,16,43,0.37200000000000005,16,21,0.762,7,30,37,19,4,5,14,20,98,-15.0,99.8,99.0,111.4,114.1,-11.6,-15.2,0.5760000000000001,1.36,15.3,0.17300000000000001,0.561,0.376,14.251,14.1,0.5,0.537,1.0,0.201,99.84,99.0,82.5,99.0,0.408,5.0,3.0,4.0,4.0,0.625,0.5
128,22100129,2021-11-05,Clippers,118.0,Timberwolves,-138.0,Timberwolves,Clippers,31,89,0.348,17,52,0.327,5,7,0.7140000000000001,7,35,42,17,8,7,21,33,84,-20.0,78.4,80.8,99.9,101.0,-21.5,-20.2,0.5479999999999999,0.77,13.0,0.2,0.6729999999999999,0.426,20.545,21.2,0.444,0.456,1.0,0.196,105.58,103.5,86.25,104.0,0.266,36,88,0.409,6,28,0.214,26,32,0.813,15,47,62,18,12,4,17,16,104,20.0,99.9,101.0,78.4,80.8,21.5,20.2,0.5,1.06,13.1,0.327,0.8,0.574,16.334,16.5,0.44299999999999995,0.509,1.0,0.20199999999999999,105.58,103.5,86.25,103.0,0.7340000000000001,3.0,4.0,3.0,3.0,0.42857142857142855,0.5
129,22100130,2021-11-05,Pelicans,-400.0,Warriors,315.0,Pelicans,Warriors,31,87,0.35600000000000004,11,44,0.25,12,16,0.75,11,30,41,23,7,2,18,18,85,-41.0,82.5,87.6,127.1,126.0,-44.6,-38.4,0.742,1.15,16.8,0.28600000000000003,0.727,0.48,19.41,20.6,0.42,0.452,1.0,0.195,101.1,98.5,82.08,97.0,0.27,47,90,0.522,20,50,0.4,12,14,0.857,9,39,48,36,11,3,12,16,126,41.0,127.1,126.0,82.5,87.6,44.6,38.4,0.7659999999999999,3.0,25.0,0.273,0.7140000000000001,0.52,12.102,12.0,0.633,0.655,1.0,0.198,101.1,98.5,82.08,100.0,0.73,1.0,7.0,6.0,0.0,0.125,1.0
130,22100131,2021-11-05,Pacers,-184.0,Trail Blazers,154.0,Trail Blazers,Pacers,40,82,0.488,17,39,0.436,13,15,0.867,6,36,42,27,7,4,13,15,110,4.0,113.9,114.6,110.0,110.4,3.9,4.2,0.675,1.93,20.8,0.18600000000000003,0.787,0.5,14.493,14.6,0.591,0.621,1.0,0.19699999999999998,96.5,96.0,80.0,96.0,0.525,43,88,0.489,14,42,0.33299999999999996,6,10,0.6,7,33,40,28,8,2,11,18,106,-4.0,110.0,110.4,113.9,114.6,-3.9,-4.2,0.6509999999999999,2.55,21.3,0.213,0.8140000000000001,0.5,11.411,11.5,0.568,0.574,1.0,0.201,96.5,96.0,80.0,96.0,0.475,2.0,5.0,3.0,5.0,0.2857142857142857,0.375
131,22100132,2021-11-05,Hornets,-116.0,Kings,-102.0,Kings,Hornets,48,87,0.552,22,44,0.5,22,26,0.846,13,43,56,29,5,1,18,21,140,30.0,135.3,135.9,105.5,105.8,29.8,30.2,0.604,1.61,19.9,0.359,0.815,0.624,17.401,17.5,0.6779999999999999,0.711,1.0,0.19899999999999998,103.84,103.5,86.25,103.0,0.617,43,92,0.467,11,35,0.314,13,21,0.619,7,21,28,29,8,5,10,19,110,-30.0,105.5,105.8,135.3,135.9,-29.8,-30.2,0.674,2.9,20.7,0.185,0.6409999999999999,0.376,9.593,9.6,0.527,0.5429999999999999,1.0,0.2,103.84,103.5,86.25,104.0,0.38299999999999995,3.0,4.0,5.0,3.0,0.42857142857142855,0.625
