"","X","Game_ID","Date","Team1","Team2","Team1_FGM_Per100_Agg","Team1_FGA_Per100_Agg","Team1_FG_PCT_Agg","Team1_FG3M_Per100_Agg","Team1_FG3A_Per100_Agg","Team1_FG3_PCT_Agg","Team1_FTM_Per100_Agg","Team1_FTA_Per100_Agg","Team1_FT_PCT_Agg","Team1_OREB_Per100_Agg","Team1_DREB_Per100_Agg","Team1_REB_Per100_Agg","Team1_AST_Per100_Agg","Team1_STL_Per100_Agg","Team1_BLK_Per100_Agg","Team1_TO_Per100_Agg","Team1_PF_Per100_Agg","Team1_PTS_Per100_Agg","Team1_PLUS_MINUS_Per100_Agg","Team1_E_OFF_RATING_Agg","Team1_OFF_RATING_Agg","Team1_E_DEF_RATING_Agg","Team1_DEF_RATING_Agg","Team1_E_NET_RATING_Agg","Team1_NET_RATING_Agg","Team1_AST_PCT_Agg","Team1_AST_TOV_Agg","Team1_AST_RATIO_Agg","Team1_OREB_PCT_Agg","Team1_DREB_PCT_Agg","Team1_REB_PCT_Agg","Team1_E_TM_TOV_PCT_Agg","Team1_TM_TOV_PCT_Agg","Team1_EFG_PCT_Agg","Team1_TS_PCT_Agg","Team1_USG_PCT_Agg","Team1_E_USG_PCT_Agg","Team1_E_PACE_Agg","Team1_PACE_Agg","Team1_PACE_PER40_Agg","Team1_POSS_Agg","Team1_PIE_Agg","Team1_Wins","Team1_Losses","Team1_Win_Pct","Team1_is_B2B","Team1_is_B2B_First","Team1_is_B2B_Second","Team1_Days_Rest_Team","Team1_Days_Next.Game","Team1_is_Home","Team1_FGM_Per100_Agg_Opp","Team1_FGA_Per100_Agg_Opp","Team1_FG_PCT_Agg_Opp","Team1_FG3M_Per100_Agg_Opp","Team1_FG3A_Per100_Agg_Opp","Team1_FG3_PCT_Agg_Opp","Team1_FTM_Per100_Agg_Opp","Team1_FTA_Per100_Agg_Opp","Team1_FT_PCT_Agg_Opp","Team1_OREB_Per100_Agg_Opp","Team1_DREB_Per100_Agg_Opp","Team1_REB_Per100_Agg_Opp","Team1_AST_Per100_Agg_Opp","Team1_STL_Per100_Agg_Opp","Team1_BLK_Per100_Agg_Opp","Team1_TO_Per100_Agg_Opp","Team1_PF_Per100_Agg_Opp","Team1_PTS_Per100_Agg_Opp","Team1_PLUS_MINUS_Per100_Agg_Opp","Team1_E_OFF_RATING_Agg_Opp","Team1_OFF_RATING_Agg_Opp","Team1_E_DEF_RATING_Agg_Opp","Team1_DEF_RATING_Agg_Opp","Team1_E_NET_RATING_Agg_Opp","Team1_NET_RATING_Agg_Opp","Team1_AST_PCT_Agg_Opp","Team1_AST_TOV_Agg_Opp","Team1_AST_RATIO_Agg_Opp","Team1_OREB_PCT_Agg_Opp","Team1_DREB_PCT_Agg_Opp","Team1_REB_PCT_Agg_Opp","Team1_E_TM_TOV_PCT_Agg_Opp","Team1_TM_TOV_PCT_Agg_Opp","Team1_EFG_PCT_Agg_Opp","Team1_TS_PCT_Agg_Opp","Team1_USG_PCT_Agg_Opp","Team1_E_USG_PCT_Agg_Opp","Team1_E_PACE_Agg_Opp","Team1_PACE_Agg_Opp","Team1_PACE_PER40_Agg_Opp","Team1_POSS_Agg_Opp","Team1_PIE_Agg_Opp","Team1_Wins_Opp","Team1_Losses_Opp","Team1_Win_Pct_Opp","Team1_is_B2B_Opp","Team1_is_B2B_First_Opp","Team1_is_B2B_Second_Opp","Team1_Days_Rest_Team_Opp","Team1_Days_Next.Game_Opp","Team1_is_Home_Opp","Team2_FGM_Per100_Agg","Team2_FGA_Per100_Agg","Team2_FG_PCT_Agg","Team2_FG3M_Per100_Agg","Team2_FG3A_Per100_Agg","Team2_FG3_PCT_Agg","Team2_FTM_Per100_Agg","Team2_FTA_Per100_Agg","Team2_FT_PCT_Agg","Team2_OREB_Per100_Agg","Team2_DREB_Per100_Agg","Team2_REB_Per100_Agg","Team2_AST_Per100_Agg","Team2_STL_Per100_Agg","Team2_BLK_Per100_Agg","Team2_TO_Per100_Agg","Team2_PF_Per100_Agg","Team2_PTS_Per100_Agg","Team2_PLUS_MINUS_Per100_Agg","Team2_E_OFF_RATING_Agg","Team2_OFF_RATING_Agg","Team2_E_DEF_RATING_Agg","Team2_DEF_RATING_Agg","Team2_E_NET_RATING_Agg","Team2_NET_RATING_Agg","Team2_AST_PCT_Agg","Team2_AST_TOV_Agg","Team2_AST_RATIO_Agg","Team2_OREB_PCT_Agg","Team2_DREB_PCT_Agg","Team2_REB_PCT_Agg","Team2_E_TM_TOV_PCT_Agg","Team2_TM_TOV_PCT_Agg_y","Team2_EFG_PCT_Agg","Team2_TS_PCT_Agg","Team2_USG_PCT_Agg","Team2_E_USG_PCT_Agg","Team2_E_PACE_Agg","Team2_PACE_Agg","Team2_PACE_PER40_Agg","Team2_POSS_Agg","Team2_PIE_Agg","Team2_Wins","Team2_Losses","Team2_Win_Pct","Team2_is_B2B","Team2_is_B2B_First","Team2_is_B2B_Second","Team2_Days_Rest_Team","Team2_Days_Next.Game","Team2_is_Home","Team2_FGM_Per100_Agg_Opp","Team2_FGA_Per100_Agg_Opp","Team2_FG_PCT_Agg_Opp","Team2_FG3M_Per100_Agg_Opp","Team2_FG3A_Per100_Agg_Opp","Team2_FG3_PCT_Agg_Opp","Team2_FTM_Per100_Agg_Opp","Team2_FTA_Per100_Agg_Opp","Team2_FT_PCT_Agg_Opp","Team2_OREB_Per100_Agg_Opp","Team2_DREB_Per100_Agg_Opp","Team2_REB_Per100_Agg_Opp","Team2_AST_Per100_Agg_Opp","Team2_STL_Per100_Agg_Opp","Team2_BLK_Per100_Agg_Opp","Team2_TO_Per100_Agg_Opp","Team2_PF_Per100_Agg_Opp","Team2_PTS_Per100_Agg_Opp","Team2_PLUS_MINUS_Per100_Agg_Opp","Team2_E_OFF_RATING_Agg_Opp","Team2_OFF_RATING_Agg_Opp","Team2_E_DEF_RATING_Agg_Opp","Team2_DEF_RATING_Agg_Opp","Team2_E_NET_RATING_Agg_Opp","Team2_NET_RATING_Agg_Opp","Team2_AST_PCT_Agg_Opp","Team2_AST_TOV_Agg_Opp","Team2_AST_RATIO_Agg_Opp","Team2_OREB_PCT_Agg_Opp","Team2_DREB_PCT_Agg_Opp","Team2_REB_PCT_Agg_Opp","Team2_E_TM_TOV_PCT_Agg_Opp","Team2_TM_TOV_PCT_Agg_Opp","Team2_EFG_PCT_Agg_Opp","Team2_TS_PCT_Agg_Opp","Team2_USG_PCT_Agg_Opp","Team2_E_USG_PCT_Agg_Opp","Team2_E_PACE_Agg_Opp","Team2_PACE_Agg_Opp","Team2_PACE_PER40_Agg_Opp","Team2_POSS_Agg_Opp","Team2_PIE_Agg_Opp","Team2_Wins_Opp","Team2_Losses_Opp","Team2_Win_Pct_Opp","Team2_is_B2B_Opp","Team2_is_B2B_First_Opp","Team2_is_B2B_Second_Opp","Team2_Days_Rest_Team_Opp","Team2_Days_Next.Game_Opp","Team2_is_Home_Opp","Team1_Prob"
"1",0,0,"2021-11-24","Pacers","Lakers",40.9968091567703,88.8009192937625,0.461947368421053,12.2616102225541,35.572664960412,0.345789473684211,13.6055880673701,17.8902398054162,0.753157894736842,9.75486403434251,36.4552250082918,46.2100890426343,23.518706873619,7.30834672872527,6.93638870736996,14.0694792800127,20.5642886792181,107.860816603465,2.07197568038269,105.668421052632,107.847368421053,104.142105263158,106.273684210526,1.53157894736842,1.57368421052632,0.56778947368421,1.66263157894737,17.2315789473684,0.282,0.75178947368421,0.517631578947369,14.8551578947368,15.1631578947368,0.530947368421053,0.558631578947368,1,0.197947368421053,100.142631578947,98.1578947368421,81.7978947368421,99.421052631579,0.511631578947369,8,11,0.421052631578947,0,0,0,2,2,1,39.4248976498512,86.4715295777458,0.456684210526316,11.1181075243698,32.0906737783391,0.347947368421053,15.1340988618252,20.2966167611942,0.74721052631579,9.79401811319491,34.4272164517546,44.2212345649496,23.0170036533115,8.22675708116754,5.70761401203172,15.1114669441829,19.5159485440884,105.102001685897,-3.63501795206675,103.773684210526,105.094736842105,106.068421052632,108.615789473684,-2.28947368421053,-3.53157894736842,0.586684210526316,1.52105263157895,17.1,0.262421052631579,0.721,0.492631578947368,15.5065263157895,15.7315789473684,0.521105263157895,0.551947368421053,1,0.198684210526316,104.324736842105,102.431052631579,85.3594736842105,104.105263157895,0.486157894736842,9,10,0.473684210526316,1,0,1,1,2,0,39.4248976498512,86.4715295777458,0.456684210526316,11.1181075243698,32.0906737783391,0.347947368421053,15.1340988618252,20.2966167611942,0.74721052631579,9.79401811319491,34.4272164517546,44.2212345649496,23.0170036533115,8.22675708116754,5.70761401203172,15.1114669441829,19.5159485440884,105.102001685897,-3.63501795206675,103.773684210526,105.094736842105,106.068421052632,108.615789473684,-2.28947368421053,-3.53157894736842,0.586684210526316,1.52105263157895,17.1,0.262421052631579,0.721,0.492631578947368,15.5065263157895,15.7315789473684,0.521105263157895,0.551947368421053,1,0.198684210526316,104.324736842105,102.431052631579,85.3594736842105,104.105263157895,0.486157894736842,9,10,0.473684210526316,1,0,1,1,2,0,40.9968091567703,88.8009192937625,0.461947368421053,12.2616102225541,35.572664960412,0.345789473684211,13.6055880673701,17.8902398054162,0.753157894736842,9.75486403434251,36.4552250082918,46.2100890426343,23.518706873619,7.30834672872527,6.93638870736996,14.0694792800127,20.5642886792181,107.860816603465,2.07197568038269,105.668421052632,107.847368421053,104.142105263158,106.273684210526,1.53157894736842,1.57368421052632,0.56778947368421,1.66263157894737,17.2315789473684,0.282,0.75178947368421,0.517631578947369,14.8551578947368,15.1631578947368,0.530947368421053,0.558631578947368,1,0.197947368421053,100.142631578947,98.1578947368421,81.7978947368421,99.421052631579,0.511631578947369,8,11,0.421052631578947,0,0,0,2,2,1,0.731461146340982
"2",1,0,"2021-11-24","Magic","Hornets",37.2080259021041,89.79170842168,0.414777777777778,13.2180163324764,39.7669418992176,0.332833333333333,14.4552637229252,19.0519657797704,0.756444444444444,10.5954655560514,34.7526948165226,45.348160372574,22.0251188422549,6.56260446628614,5.01392456196085,15.3097857196103,20.8049027842378,102.08933185961,-10.0640210332328,98.7611111111111,102.083333333333,109.894444444444,111.75,-11.15,-9.67222222222222,0.592666666666667,1.43944444444444,16.15,0.281944444444444,0.716388888888889,0.491444444444445,15.3525555555556,15.8722222222222,0.488666666666667,0.520722222222222,1,0.1985,101.568888888889,99,82.5,98.8333333333333,0.432944444444445,4,14,0.222222222222222,0,0,0,2,2,1,41.0337410590213,91.2031935877736,0.451947368421053,12.6810742655377,34.4656860095913,0.369210526315789,14.236165406831,19.9041623964514,0.706947368421053,11.0624032672797,33.2725844816973,44.3349877489769,25.356898731695,8.91355261845403,4.74334419147005,12.7398927237488,18.866015721632,108.984721790411,-0.789182870694919,106.973684210526,108.978947368421,108.089473684211,109.326315789474,-1.13157894736842,-0.357894736842106,0.614736842105263,2.07157894736842,18.2421052631579,0.262684210526316,0.711263157894737,0.480842105263158,12.8357894736842,13.0526315789474,0.522,0.547315789473684,1,0.198684210526316,103.615789473684,101.978421052632,84.9810526315789,102.894736842105,0.489684210526316,11,8,0.578947368421053,0,0,0,2,2,0,41.0337410590213,91.2031935877736,0.451947368421053,12.6810742655377,34.4656860095913,0.369210526315789,14.236165406831,19.9041623964514,0.706947368421053,11.0624032672797,33.2725844816973,44.3349877489769,25.356898731695,8.91355261845403,4.74334419147005,12.7398927237488,18.866015721632,108.984721790411,-0.789182870694919,106.973684210526,108.978947368421,108.089473684211,109.326315789474,-1.13157894736842,-0.357894736842106,0.614736842105263,2.07157894736842,18.2421052631579,0.262684210526316,0.711263157894737,0.480842105263158,12.8357894736842,13.0526315789474,0.522,0.547315789473684,1,0.198684210526316,103.615789473684,101.978421052632,84.9810526315789,102.894736842105,0.489684210526316,11,8,0.578947368421053,0,0,0,2,2,0,37.2080259021041,89.79170842168,0.414777777777778,13.2180163324764,39.7669418992176,0.332833333333333,14.4552637229252,19.0519657797704,0.756444444444444,10.5954655560514,34.7526948165226,45.348160372574,22.0251188422549,6.56260446628614,5.01392456196085,15.3097857196103,20.8049027842378,102.08933185961,-10.0640210332328,98.7611111111111,102.083333333333,109.894444444444,111.75,-11.15,-9.67222222222222,0.592666666666667,1.43944444444444,16.15,0.281944444444444,0.716388888888889,0.491444444444445,15.3525555555556,15.8722222222222,0.488666666666667,0.520722222222222,1,0.1985,101.568888888889,99,82.5,98.8333333333333,0.432944444444445,4,14,0.222222222222222,0,0,0,2,2,1,0.443075277121027
"3",2,0,"2021-11-24","Cavaliers","Suns",38.6671774223714,87.118468255087,0.444555555555555,11.6960687156974,35.3584657083061,0.326444444444444,15.9493495524494,20.6001718344369,0.774333333333333,10.8691588207207,34.802943578308,45.6721023990287,24.276918448328,8.04215522081344,3.75268198891064,15.5175158309646,16.1268355494034,104.97977311289,-0.210841289791174,102.877777777778,104.977777777778,103.572222222222,104.8,-0.694444444444445,0.177777777777778,0.622555555555556,1.54333333333333,17.5944444444444,0.279388888888889,0.721166666666667,0.501888888888889,16.3553888888889,16.7166666666667,0.511611111111111,0.546833333333333,1,0.197722222222222,99.1233333333333,97.5833333333333,81.3194444444444,97.3888888888889,0.499166666666667,9,9,0.5,0,0,0,2,3,1,41.8235291397695,87.7962156530303,0.476470588235294,11.210156866519,31.3442992449183,0.356529411764706,15.0798710472375,19.1278152110896,0.796058823529412,8.97852283876411,36.8506883367328,45.8292111754969,26.335169311696,8.97951494072029,4.43997442074887,12.7640169343019,18.8049803391637,109.937086193296,6.96026043125313,109.364705882353,109.941176470588,101.276470588235,103.352941176471,8.08823529411765,6.58823529411765,0.630588235294118,2.06647058823529,19.3352941176471,0.236058823529412,0.742352941176471,0.500176470588235,13.2387058823529,13.2882352941176,0.540352941176471,0.571941176470588,1,0.198294117647059,102.927058823529,101.588235294118,84.6570588235294,101.764705882353,0.556823529411765,14,3,0.823529411764706,0,0,0,2,2,0,41.8235291397695,87.7962156530303,0.476470588235294,11.210156866519,31.3442992449183,0.356529411764706,15.0798710472375,19.1278152110896,0.796058823529412,8.97852283876411,36.8506883367328,45.8292111754969,26.335169311696,8.97951494072029,4.43997442074887,12.7640169343019,18.8049803391637,109.937086193296,6.96026043125313,109.364705882353,109.941176470588,101.276470588235,103.352941176471,8.08823529411765,6.58823529411765,0.630588235294118,2.06647058823529,19.3352941176471,0.236058823529412,0.742352941176471,0.500176470588235,13.2387058823529,13.2882352941176,0.540352941176471,0.571941176470588,1,0.198294117647059,102.927058823529,101.588235294118,84.6570588235294,101.764705882353,0.556823529411765,14,3,0.823529411764706,0,0,0,2,2,0,38.6671774223714,87.118468255087,0.444555555555555,11.6960687156974,35.3584657083061,0.326444444444444,15.9493495524494,20.6001718344369,0.774333333333333,10.8691588207207,34.802943578308,45.6721023990287,24.276918448328,8.04215522081344,3.75268198891064,15.5175158309646,16.1268355494034,104.97977311289,-0.210841289791174,102.877777777778,104.977777777778,103.572222222222,104.8,-0.694444444444445,0.177777777777778,0.622555555555556,1.54333333333333,17.5944444444444,0.279388888888889,0.721166666666667,0.501888888888889,16.3553888888889,16.7166666666667,0.511611111111111,0.546833333333333,1,0.197722222222222,99.1233333333333,97.5833333333333,81.3194444444444,97.3888888888889,0.499166666666667,9,9,0.5,0,0,0,2,3,1,0.503918783498696
"4",3,0,"2021-11-24","Celtics","Nets",39.1016380532047,88.0775593681394,0.443388888888889,11.8743515615209,35.6134585705268,0.326444444444444,16.3828718975817,20.3401494216902,0.804388888888889,10.2819997191606,35.86789283789,46.1498925570506,22.2324301513483,7.78356282337906,5.434488988466,13.6785983341994,18.1484420671906,106.460499565512,2.84666886281803,105.622222222222,106.455555555556,102.8,104.183333333333,2.82777777777778,2.28333333333333,0.570944444444444,1.75277777777778,16.6388888888889,0.270444444444444,0.75,0.509611111111111,13.9283333333333,14.0555555555556,0.510833333333333,0.547833333333333,1,0.199277777777778,98.9933333333333,97.9072222222222,81.59,101.666666666667,0.5265,10,8,0.555555555555556,0,0,0,2,2,1,39.3143950867895,84.5668207063911,0.466111111111111,13.1345354404406,34.83267889733,0.375666666666667,16.7354944357368,20.6079996292952,0.818777777777778,7.65444228522821,36.372257598771,44.0266998839992,25.0433350093866,6.77787852104193,5.34429900891489,13.5146259978641,18.9384957104163,108.498820049756,3.93299738908752,108.188888888889,108.488888888889,102.444444444444,104.772222222222,5.75555555555556,3.71666666666667,0.633888888888889,1.82944444444444,18.7222222222222,0.204777777777778,0.728722222222222,0.485444444444444,14.2685,14.2833333333333,0.544111111111111,0.5805,1,0.197555555555556,101.662222222222,100.388888888889,83.6566666666667,100.5,0.531055555555556,13,5,0.722222222222222,0,0,0,2,3,0,39.3143950867895,84.5668207063911,0.466111111111111,13.1345354404406,34.83267889733,0.375666666666667,16.7354944357368,20.6079996292952,0.818777777777778,7.65444228522821,36.372257598771,44.0266998839992,25.0433350093866,6.77787852104193,5.34429900891489,13.5146259978641,18.9384957104163,108.498820049756,3.93299738908752,108.188888888889,108.488888888889,102.444444444444,104.772222222222,5.75555555555556,3.71666666666667,0.633888888888889,1.82944444444444,18.7222222222222,0.204777777777778,0.728722222222222,0.485444444444444,14.2685,14.2833333333333,0.544111111111111,0.5805,1,0.197555555555556,101.662222222222,100.388888888889,83.6566666666667,100.5,0.531055555555556,13,5,0.722222222222222,0,0,0,2,3,0,39.1016380532047,88.0775593681394,0.443388888888889,11.8743515615209,35.6134585705268,0.326444444444444,16.3828718975817,20.3401494216902,0.804388888888889,10.2819997191606,35.86789283789,46.1498925570506,22.2324301513483,7.78356282337906,5.434488988466,13.6785983341994,18.1484420671906,106.460499565512,2.84666886281803,105.622222222222,106.455555555556,102.8,104.183333333333,2.82777777777778,2.28333333333333,0.570944444444444,1.75277777777778,16.6388888888889,0.270444444444444,0.75,0.509611111111111,13.9283333333333,14.0555555555556,0.510833333333333,0.547833333333333,1,0.199277777777778,98.9933333333333,97.9072222222222,81.59,101.666666666667,0.5265,10,8,0.555555555555556,0,0,0,2,2,1,0.58467021819662
"5",4,0,"2021-11-24","Timberwolves","Heat",38.9695893146821,91.6720199389038,0.425235294117647,14.3481516474032,42.7886112073758,0.335647058823529,14.3481832614172,18.8304617139315,0.761705882352941,13.7185429048277,31.5228656291737,45.2414085340013,23.5699328799489,9.36970133092293,6.2367191177147,15.2538707540383,22.4177140315481,106.635513538185,2.33571971221453,104.329411764706,106.641176470588,102.723529411765,104.258823529412,1.60588235294118,2.38235294117647,0.604176470588235,1.54117647058824,16.8058823529412,0.319588235294118,0.663235294117647,0.483823529411765,15.7071764705882,16.0647058823529,0.503941176470588,0.533529411764706,1,0.198,102.033529411765,100.037647058824,83.3652941176471,100.647058823529,0.491352941176471,8,9,0.470588235294118,0,0,0,2,2,1,40.8950011940665,88.0898904166138,0.4645,11.6268348960804,33.55835621518,0.350722222222222,18.0692768220116,22.0709751653081,0.827388888888889,11.2090045515625,36.7210368780247,47.9300414295872,24.5495554690772,7.7849868860886,2.5520507565587,14.2680969822976,21.2373626910706,111.486114106225,7.3806454848665,109.888888888889,111.483333333333,102.405555555556,104.172222222222,7.49444444444444,7.31111111111111,0.601277777777778,1.88722222222222,17.8444444444444,0.302611111111111,0.757333333333333,0.535833333333333,14.6921111111111,14.9666666666667,0.530833333333333,0.570277777777778,1,0.198722222222222,98.4544444444444,96.8522222222222,80.7105555555556,98.0555555555556,0.541388888888889,12,6,0.666666666666667,1,0,1,1,3,0,40.8950011940665,88.0898904166138,0.4645,11.6268348960804,33.55835621518,0.350722222222222,18.0692768220116,22.0709751653081,0.827388888888889,11.2090045515625,36.7210368780247,47.9300414295872,24.5495554690772,7.7849868860886,2.5520507565587,14.2680969822976,21.2373626910706,111.486114106225,7.3806454848665,109.888888888889,111.483333333333,102.405555555556,104.172222222222,7.49444444444444,7.31111111111111,0.601277777777778,1.88722222222222,17.8444444444444,0.302611111111111,0.757333333333333,0.535833333333333,14.6921111111111,14.9666666666667,0.530833333333333,0.570277777777778,1,0.198722222222222,98.4544444444444,96.8522222222222,80.7105555555556,98.0555555555556,0.541388888888889,12,6,0.666666666666667,1,0,1,1,3,0,38.9695893146821,91.6720199389038,0.425235294117647,14.3481516474032,42.7886112073758,0.335647058823529,14.3481832614172,18.8304617139315,0.761705882352941,13.7185429048277,31.5228656291737,45.2414085340013,23.5699328799489,9.36970133092293,6.2367191177147,15.2538707540383,22.4177140315481,106.635513538185,2.33571971221453,104.329411764706,106.641176470588,102.723529411765,104.258823529412,1.60588235294118,2.38235294117647,0.604176470588235,1.54117647058824,16.8058823529412,0.319588235294118,0.663235294117647,0.483823529411765,15.7071764705882,16.0647058823529,0.503941176470588,0.533529411764706,1,0.198,102.033529411765,100.037647058824,83.3652941176471,100.647058823529,0.491352941176471,8,9,0.470588235294118,0,0,0,2,2,1,0.547419155402711
"6",5,0,"2021-11-24","Rockets","Bulls",35.2102616073962,82.8596974714365,0.425823529411765,10.7146333470176,34.6536531107379,0.309176470588235,16.102210387763,23.4496009744523,0.683176470588235,9.29011648826331,34.7143047033799,44.0044211916432,19.6016818233773,7.24037527843572,4.52861908456246,17.5202013723412,19.016487184724,97.2373669495731,-10.8944529114409,95.2470588235294,97.2294117647059,106.847058823529,108.047058823529,-11.5823529411765,-10.8176470588235,0.555764705882353,1.11411764705882,14.9,0.248705882352941,0.740352941176471,0.492764705882353,17.8171176470588,18.2117647058824,0.490470588235294,0.522764705882353,1,0.197823529411765,104.692941176471,102.970588235294,85.8094117647059,102.941176470588,0.429588235294118,1,16,0.0588235294117647,0,0,0,2,3,1,40.2711094493598,88.0274657809352,0.458277777777778,10.2214554119163,28.5536384546682,0.354888888888889,17.540984076365,20.6316824222873,0.846166666666667,9.19677993758372,34.6245085535413,43.821288491125,22.3959424047959,8.35751652311933,4.41372014138262,12.6240796587105,18.7131967620938,108.304658387001,2.93921609215784,107.283333333333,108.3,103.283333333333,105.111111111111,4.00555555555556,3.18333333333333,0.553444444444444,1.83111111111111,16.8111111111111,0.236722222222222,0.730277777777778,0.4865,12.9460555555556,13.0611111111111,0.516611111111111,0.558722222222222,1,0.198777777777778,100.257777777778,98.8611111111111,82.3838888888889,98.7777777777778,0.516555555555556,12,6,0.666666666666667,0,0,0,2,2,0,40.2711094493598,88.0274657809352,0.458277777777778,10.2214554119163,28.5536384546682,0.354888888888889,17.540984076365,20.6316824222873,0.846166666666667,9.19677993758372,34.6245085535413,43.821288491125,22.3959424047959,8.35751652311933,4.41372014138262,12.6240796587105,18.7131967620938,108.304658387001,2.93921609215784,107.283333333333,108.3,103.283333333333,105.111111111111,4.00555555555556,3.18333333333333,0.553444444444444,1.83111111111111,16.8111111111111,0.236722222222222,0.730277777777778,0.4865,12.9460555555556,13.0611111111111,0.516611111111111,0.558722222222222,1,0.198777777777778,100.257777777778,98.8611111111111,82.3838888888889,98.7777777777778,0.516555555555556,12,6,0.666666666666667,0,0,0,2,2,0,35.2102616073962,82.8596974714365,0.425823529411765,10.7146333470176,34.6536531107379,0.309176470588235,16.102210387763,23.4496009744523,0.683176470588235,9.29011648826331,34.7143047033799,44.0044211916432,19.6016818233773,7.24037527843572,4.52861908456246,17.5202013723412,19.016487184724,97.2373669495731,-10.8944529114409,95.2470588235294,97.2294117647059,106.847058823529,108.047058823529,-11.5823529411765,-10.8176470588235,0.555764705882353,1.11411764705882,14.9,0.248705882352941,0.740352941176471,0.492764705882353,17.8171176470588,18.2117647058824,0.490470588235294,0.522764705882353,1,0.197823529411765,104.692941176471,102.970588235294,85.8094117647059,102.941176470588,0.429588235294118,1,16,0.0588235294117647,0,0,0,2,3,1,0.377744137462187
"7",6,0,"2021-11-24","Thunder","Jazz",37.0016369607482,90.5702330327668,0.409235294117647,11.9306743859586,38.9519851113051,0.305764705882353,13.6774967213723,18.6575108582556,0.734058823529412,11.0989450605529,37.8876805052038,48.9866255657567,20.4591258516063,7.03452992182548,4.37754099476099,13.7919336646042,17.3405064513179,99.6114450288274,-7.43104898334568,97.5411764705882,99.6058823529412,105.858823529412,106.988235294118,-8.31764705882353,-7.36470588235294,0.55535294117647,1.46529411764706,15.2294117647059,0.261235294117647,0.749941176470588,0.498823529411765,14.1866470588235,14.4941176470588,0.475294117647059,0.504941176470588,1,0.198294117647059,100.796470588235,99.1470588235294,82.6217647058823,99.1176470588236,0.450705882352941,6,11,0.352941176470588,0,0,0,2,2,1,41.0781862655855,87.7222301417937,0.469058823529412,14.6966546125488,42.7941696006969,0.343529411764706,17.7684000355875,22.6603088646168,0.789058823529412,10.6188946931609,37.6077677947861,48.226662487947,22.3505149154135,7.61712416858808,5.63586135174852,14.3184731146994,19.1297838541897,114.621427179307,9.2280215339629,111.847058823529,114.617647058824,103.223529411765,105.429411764706,8.62352941176471,9.17058823529412,0.541823529411765,1.59235294117647,16.3764705882353,0.307058823529412,0.736705882352941,0.531764705882353,15.0702941176471,15.5,0.553058823529412,0.587882352941176,1,0.197588235294118,100.577647058824,98.2352941176471,81.8623529411765,98.2352941176471,0.552411764705882,11,6,0.647058823529412,0,0,0,2,2,0,41.0781862655855,87.7222301417937,0.469058823529412,14.6966546125488,42.7941696006969,0.343529411764706,17.7684000355875,22.6603088646168,0.789058823529412,10.6188946931609,37.6077677947861,48.226662487947,22.3505149154135,7.61712416858808,5.63586135174852,14.3184731146994,19.1297838541897,114.621427179307,9.2280215339629,111.847058823529,114.617647058824,103.223529411765,105.429411764706,8.62352941176471,9.17058823529412,0.541823529411765,1.59235294117647,16.3764705882353,0.307058823529412,0.736705882352941,0.531764705882353,15.0702941176471,15.5,0.553058823529412,0.587882352941176,1,0.197588235294118,100.577647058824,98.2352941176471,81.8623529411765,98.2352941176471,0.552411764705882,11,6,0.647058823529412,0,0,0,2,2,0,37.0016369607482,90.5702330327668,0.409235294117647,11.9306743859586,38.9519851113051,0.305764705882353,13.6774967213723,18.6575108582556,0.734058823529412,11.0989450605529,37.8876805052038,48.9866255657567,20.4591258516063,7.03452992182548,4.37754099476099,13.7919336646042,17.3405064513179,99.6114450288274,-7.43104898334568,97.5411764705882,99.6058823529412,105.858823529412,106.988235294118,-8.31764705882353,-7.36470588235294,0.55535294117647,1.46529411764706,15.2294117647059,0.261235294117647,0.749941176470588,0.498823529411765,14.1866470588235,14.4941176470588,0.475294117647059,0.504941176470588,1,0.198294117647059,100.796470588235,99.1470588235294,82.6217647058823,99.1176470588236,0.450705882352941,6,11,0.352941176470588,0,0,0,2,2,1,0.385090724611713
"8",7,0,"2021-11-24","Pelicans","Wizards",37.8978097870722,89.571135376911,0.423263157894737,11.0667240685898,33.1039175573285,0.343315789473684,16.0863729428304,19.7344218013478,0.811578947368421,12.0253105833885,34.8740210836194,46.8993316670079,23.3206185544796,7.15984525571732,4.2748828316267,15.1644804551407,20.0300824044234,102.948716585565,-9.15911476024258,100.515789473684,102.952631578947,110.668421052632,111.542105263158,-10.1631578947368,-8.58421052631579,0.614526315789474,1.56473684210526,16.8421052631579,0.297947368421053,0.752736842105263,0.514052631578947,15.8363684210526,16.2315789473684,0.485315789473684,0.524473684210526,1,0.197947368421053,99.7568421052632,98.1315789473684,81.7773684210526,97.8947368421053,0.448684210526316,3,16,0.157894736842105,0,0,0,2,2,1,39.6639676399908,87.037486499499,0.457117647058823,10.8249333598931,33.0454061175292,0.329823529411765,16.3662472570157,20.5848355931751,0.786823529411765,9.19720408768463,38.0006690269322,47.1978731146168,23.6585033540647,6.88629654292234,5.32797377739818,13.8692111702284,18.3205405888453,106.51911589689,1.99451907375257,105.1,106.511764705882,103.488235294118,104.470588235294,1.60588235294118,2.04705882352941,0.594764705882353,1.81235294117647,17.5352941176471,0.248117647058823,0.752176470588235,0.509882352941177,14.2657647058824,14.4705882352941,0.519117647058823,0.556,1,0.198411764705882,98.8570588235294,97.7241176470588,81.4382352941177,99.5294117647059,0.52635294117647,11,6,0.647058823529412,0,0,0,2,2,0,39.6639676399908,87.037486499499,0.457117647058823,10.8249333598931,33.0454061175292,0.329823529411765,16.3662472570157,20.5848355931751,0.786823529411765,9.19720408768463,38.0006690269322,47.1978731146168,23.6585033540647,6.88629654292234,5.32797377739818,13.8692111702284,18.3205405888453,106.51911589689,1.99451907375257,105.1,106.511764705882,103.488235294118,104.470588235294,1.60588235294118,2.04705882352941,0.594764705882353,1.81235294117647,17.5352941176471,0.248117647058823,0.752176470588235,0.509882352941177,14.2657647058824,14.4705882352941,0.519117647058823,0.556,1,0.198411764705882,98.8570588235294,97.7241176470588,81.4382352941177,99.5294117647059,0.52635294117647,11,6,0.647058823529412,0,0,0,2,2,0,37.8978097870722,89.571135376911,0.423263157894737,11.0667240685898,33.1039175573285,0.343315789473684,16.0863729428304,19.7344218013478,0.811578947368421,12.0253105833885,34.8740210836194,46.8993316670079,23.3206185544796,7.15984525571732,4.2748828316267,15.1644804551407,20.0300824044234,102.948716585565,-9.15911476024258,100.515789473684,102.952631578947,110.668421052632,111.542105263158,-10.1631578947368,-8.58421052631579,0.614526315789474,1.56473684210526,16.8421052631579,0.297947368421053,0.752736842105263,0.514052631578947,15.8363684210526,16.2315789473684,0.485315789473684,0.524473684210526,1,0.197947368421053,99.7568421052632,98.1315789473684,81.7773684210526,97.8947368421053,0.448684210526316,3,16,0.157894736842105,0,0,0,2,2,1,0.427781176103044
"9",8,0,"2021-11-24","Bucks","Pistons",39.1814512710743,89.0314265049785,0.440388888888889,14.745666269564,41.0198067557554,0.358222222222222,14.8574070104257,20.3366310302531,0.732666666666667,9.92905757841422,36.7830104912441,46.7120680696583,22.3247391367086,7.61765188236582,4.48093299379882,12.5375774645444,17.7495026768921,107.965975822138,1.51181276969344,106.238888888889,107.966666666667,104.133333333333,106.466666666667,2.10555555555556,1.48888888888889,0.5725,1.755,16.6222222222222,0.250055555555556,0.724055555555556,0.490444444444444,13.3376111111111,13.5222222222222,0.5235,0.551555555555555,1,0.197444444444444,102.019444444444,100.101666666667,83.4177777777778,100.666666666667,0.510944444444444,10,8,0.555555555555556,0,0,0,2,2,1,36.4110976711486,88.7553519084732,0.410647058823529,11.2791833596405,37.6928880872331,0.297647058823529,16.8322224809814,21.6906970431359,0.777764705882353,11.190668328417,30.8374426169499,42.0281109453669,22.1093967421432,8.88613936352842,4.95932532650901,14.6135553296202,19.7713388988979,100.933601182919,-8.75631825957987,98.4529411764706,100.988235294118,107.829411764706,109.629411764706,-9.36470588235294,-8.64705882352941,0.605294117647059,1.50529411764706,16.1705882352941,0.275176470588235,0.714,0.474058823529412,15.1151764705882,15.5117647058824,0.474411764705882,0.513294117647059,1,0.197470588235294,100.377647058824,98.2352941176471,81.8635294117647,98.1764705882353,0.440176470588235,4,13,0.235294117647059,1,0,1,1,2,0,36.4110976711486,88.7553519084732,0.410647058823529,11.2791833596405,37.6928880872331,0.297647058823529,16.8322224809814,21.6906970431359,0.777764705882353,11.190668328417,30.8374426169499,42.0281109453669,22.1093967421432,8.88613936352842,4.95932532650901,14.6135553296202,19.7713388988979,100.933601182919,-8.75631825957987,98.4529411764706,100.988235294118,107.829411764706,109.629411764706,-9.36470588235294,-8.64705882352941,0.605294117647059,1.50529411764706,16.1705882352941,0.275176470588235,0.714,0.474058823529412,15.1151764705882,15.5117647058824,0.474411764705882,0.513294117647059,1,0.197470588235294,100.377647058824,98.2352941176471,81.8635294117647,98.1764705882353,0.440176470588235,4,13,0.235294117647059,1,0,1,1,2,0,39.1814512710743,89.0314265049785,0.440388888888889,14.745666269564,41.0198067557554,0.358222222222222,14.8574070104257,20.3366310302531,0.732666666666667,9.92905757841422,36.7830104912441,46.7120680696583,22.3247391367086,7.61765188236582,4.48093299379882,12.5375774645444,17.7495026768921,107.965975822138,1.51181276969344,106.238888888889,107.966666666667,104.133333333333,106.466666666667,2.10555555555556,1.48888888888889,0.5725,1.755,16.6222222222222,0.250055555555556,0.724055555555556,0.490444444444444,13.3376111111111,13.5222222222222,0.5235,0.551555555555555,1,0.197444444444444,102.019444444444,100.101666666667,83.4177777777778,100.666666666667,0.510944444444444,10,8,0.555555555555556,0,0,0,2,2,1,0.855635168475772
"10",9,0,"2021-11-24","Grizzlies","Raptors",41.2663674027362,93.0655509452777,0.443352941176471,12.0125860413249,35.3169115499143,0.341705882352941,14.4706158854148,18.6826074931565,0.774764705882353,12.6638424082509,33.6003527755186,46.2641951837696,24.7407703562055,9.65860067666224,5.85408920459584,12.6078488162564,18.4557027275158,109.015936732212,-4.91070999013769,107.117647058824,109.005882352941,111.8,114.3,-4.68823529411765,-5.28235294117647,0.606176470588235,2.00176470588235,17.7411764705882,0.311,0.728470588235294,0.510941176470588,12.9970588235294,13.3,0.508117647058824,0.539235294117647,1,0.198529411764706,101.796470588235,99.7,83.0835294117647,101.058823529412,0.471823529411765,9,8,0.529411764705882,0,0,0,2,2,1,41.2923603981409,94.3252484197361,0.438388888888889,11.6478558410566,33.4961669496168,0.348111111111111,15.3703814880371,19.8721520365353,0.775444444444444,14.043072132388,32.3158557111797,46.3589278435677,21.6930183402251,10.3891763210994,4.50452712743635,12.5171532965187,19.7451442075967,109.602958125376,-0.083033212207409,106.744444444444,109.611111111111,107.55,109.666666666667,-0.799999999999999,-0.0500000000000001,0.526833333333333,1.72277777777778,15.6333333333333,0.335888888888889,0.7175,0.513944444444444,13.2806111111111,13.6166666666667,0.499722222222222,0.531888888888889,1,0.198,98.95,96.7222222222222,80.6027777777778,96.7222222222222,0.485555555555556,8,10,0.444444444444444,0,0,0,3,2,0,41.2923603981409,94.3252484197361,0.438388888888889,11.6478558410566,33.4961669496168,0.348111111111111,15.3703814880371,19.8721520365353,0.775444444444444,14.043072132388,32.3158557111797,46.3589278435677,21.6930183402251,10.3891763210994,4.50452712743635,12.5171532965187,19.7451442075967,109.602958125376,-0.083033212207409,106.744444444444,109.611111111111,107.55,109.666666666667,-0.799999999999999,-0.0500000000000001,0.526833333333333,1.72277777777778,15.6333333333333,0.335888888888889,0.7175,0.513944444444444,13.2806111111111,13.6166666666667,0.499722222222222,0.531888888888889,1,0.198,98.95,96.7222222222222,80.6027777777778,96.7222222222222,0.485555555555556,8,10,0.444444444444444,0,0,0,3,2,0,41.2663674027362,93.0655509452777,0.443352941176471,12.0125860413249,35.3169115499143,0.341705882352941,14.4706158854148,18.6826074931565,0.774764705882353,12.6638424082509,33.6003527755186,46.2641951837696,24.7407703562055,9.65860067666224,5.85408920459584,12.6078488162564,18.4557027275158,109.015936732212,-4.91070999013769,107.117647058824,109.005882352941,111.8,114.3,-4.68823529411765,-5.28235294117647,0.606176470588235,2.00176470588235,17.7411764705882,0.311,0.728470588235294,0.510941176470588,12.9970588235294,13.3,0.508117647058824,0.539235294117647,1,0.198529411764706,101.796470588235,99.7,83.0835294117647,101.058823529412,0.471823529411765,9,8,0.529411764705882,0,0,0,2,2,1,0.678144463406
"11",10,0,"2021-11-24","Spurs","Hawks",42.3654085338417,90.7621721524734,0.4669375,9.68875863758209,28.3215086259376,0.33625,11.2569855362068,16.4629081371317,0.690625,9.1032580938394,33.8840769056484,42.9873349994878,27.3531538928065,8.68150024157393,5.0534024520722,12.9082630065084,16.3219869766217,105.676561241472,-2.63292981815756,103.4625,105.675,106.28125,107.88125,-2.8125,-2.225,0.6474375,2.256875,19.6875,0.246,0.7301875,0.4835625,12.9258125,13.20625,0.5200625,0.5388125,1,0.199375,103.119375,101.27625,84.39625,101.75,0.506875,4,12,0.25,0,0,0,2,2,1,41.8228332527028,90.8774686667894,0.462611111111111,11.995500459768,32.7330850486608,0.361777777777778,15.5035600542813,19.446804007568,0.792277777777778,10.9242883033344,35.7979823678828,46.7222706712172,23.7906223125138,6.81716538149906,4.13527658391778,12.0051260585387,18.2782807465187,111.144727019455,0.691768105487015,110.077777777778,111.144444444444,108.711111111111,110.561111111111,1.37777777777778,0.588888888888889,0.569166666666667,1.97833333333333,17.5166666666667,0.269555555555556,0.741944444444445,0.508333333333333,12.4309444444444,12.5833333333333,0.529333333333333,0.561611111111111,1,0.198555555555556,99.82,98.5,82.0833333333333,98.5555555555556,0.502388888888889,9,9,0.5,0,0,0,2,2,0,41.8228332527028,90.8774686667894,0.462611111111111,11.995500459768,32.7330850486608,0.361777777777778,15.5035600542813,19.446804007568,0.792277777777778,10.9242883033344,35.7979823678828,46.7222706712172,23.7906223125138,6.81716538149906,4.13527658391778,12.0051260585387,18.2782807465187,111.144727019455,0.691768105487015,110.077777777778,111.144444444444,108.711111111111,110.561111111111,1.37777777777778,0.588888888888889,0.569166666666667,1.97833333333333,17.5166666666667,0.269555555555556,0.741944444444445,0.508333333333333,12.4309444444444,12.5833333333333,0.529333333333333,0.561611111111111,1,0.198555555555556,99.82,98.5,82.0833333333333,98.5555555555556,0.502388888888889,9,9,0.5,0,0,0,2,2,0,42.3654085338417,90.7621721524734,0.4669375,9.68875863758209,28.3215086259376,0.33625,11.2569855362068,16.4629081371317,0.690625,9.1032580938394,33.8840769056484,42.9873349994878,27.3531538928065,8.68150024157393,5.0534024520722,12.9082630065084,16.3219869766217,105.676561241472,-2.63292981815756,103.4625,105.675,106.28125,107.88125,-2.8125,-2.225,0.6474375,2.256875,19.6875,0.246,0.7301875,0.4835625,12.9258125,13.20625,0.5200625,0.5388125,1,0.199375,103.119375,101.27625,84.39625,101.75,0.506875,4,12,0.25,0,0,0,2,2,1,0.555377236830516
"12",11,0,"2021-11-24","Warriors","76ers",40.9813927309247,86.2051498184461,0.476117647058823,15.1043546824123,41.1982218853603,0.366352941176471,16.0182017245778,20.3063642500798,0.781,9.86757189473512,37.127349986125,46.9949218808601,29.0540553959269,9.80352794644325,4.77187995999277,15.3861360007925,19.2389591360366,113.085341868839,13.0387634117417,111.852941176471,113.088235294118,97.8823529411764,100.076470588235,13.9588235294118,13.0294117647059,0.709529411764706,1.97529411764706,20.7117647058824,0.275176470588235,0.746588235294117,0.522529411764706,15.7184117647059,15.9058823529412,0.563823529411765,0.595,1,0.198882352941176,102.177058823529,100.485882352941,83.7376470588235,101.117647058824,0.586176470588235,15,2,0.882352941176471,0,0,0,3,2,1,41.7396111078581,89.3910714150132,0.469222222222222,12.5107219822373,34.0634863713009,0.375722222222222,16.2646523768797,19.8198124500809,0.817277777777778,9.14717777737345,34.4798057883929,43.6269835657664,23.6339198673163,8.17482085092816,6.00080712096678,11.7993846007399,19.1546336400568,112.254596574833,2.22159594312704,110.566666666667,112.266666666667,107.644444444444,109.666666666667,2.92222222222222,2.58888888888889,0.567111111111111,1.99555555555556,17.5444444444444,0.2415,0.705888888888889,0.480166666666667,12.3785555555556,12.5555555555556,0.539111111111111,0.574,1,0.198055555555556,97.8033333333333,96.1388888888889,80.1161111111111,96,0.513111111111111,10,8,0.555555555555556,0,0,0,2,3,0,41.7396111078581,89.3910714150132,0.469222222222222,12.5107219822373,34.0634863713009,0.375722222222222,16.2646523768797,19.8198124500809,0.817277777777778,9.14717777737345,34.4798057883929,43.6269835657664,23.6339198673163,8.17482085092816,6.00080712096678,11.7993846007399,19.1546336400568,112.254596574833,2.22159594312704,110.566666666667,112.266666666667,107.644444444444,109.666666666667,2.92222222222222,2.58888888888889,0.567111111111111,1.99555555555556,17.5444444444444,0.2415,0.705888888888889,0.480166666666667,12.3785555555556,12.5555555555556,0.539111111111111,0.574,1,0.198055555555556,97.8033333333333,96.1388888888889,80.1161111111111,96,0.513111111111111,10,8,0.555555555555556,0,0,0,2,3,0,40.9813927309247,86.2051498184461,0.476117647058823,15.1043546824123,41.1982218853603,0.366352941176471,16.0182017245778,20.3063642500798,0.781,9.86757189473512,37.127349986125,46.9949218808601,29.0540553959269,9.80352794644325,4.77187995999277,15.3861360007925,19.2389591360366,113.085341868839,13.0387634117417,111.852941176471,113.088235294118,97.8823529411764,100.076470588235,13.9588235294118,13.0294117647059,0.709529411764706,1.97529411764706,20.7117647058824,0.275176470588235,0.746588235294117,0.522529411764706,15.7184117647059,15.9058823529412,0.563823529411765,0.595,1,0.198882352941176,102.177058823529,100.485882352941,83.7376470588235,101.117647058824,0.586176470588235,15,2,0.882352941176471,0,0,0,3,2,1,0.813386615972998
"13",12,0,"2021-11-24","Kings","Trail Blazers",40.0407165927601,89.5296469957375,0.449111111111111,11.6954532686216,35.3583950759875,0.331944444444444,16.5737317265489,21.6169373751696,0.764388888888889,10.1872146270406,34.5021944247177,44.6894090517583,22.1366328085148,7.10123070530132,4.65918472625221,13.562346227983,19.4280640384847,108.350618180691,-2.48649346000845,105.344444444444,108.355555555556,108.494444444444,110.411111111111,-3.16666666666667,-2.05555555555556,0.551,1.70722222222222,16.3277777777778,0.271888888888889,0.689333333333333,0.485388888888889,13.7561666666667,14.2,0.514611111111111,0.5495,1,0.198388888888889,102.362222222222,99.9166666666667,83.2633333333333,99.7222222222222,0.481388888888889,6,12,0.333333333333333,0,0,0,2,2,1,41.2591214179209,89.2265228799445,0.461833333333333,14.1842608777464,39.3723920432442,0.359,15.3850551863744,19.4227508595318,0.787333333333333,10.5400611086822,35.5559634196621,46.0960245283443,24.0977798299939,8.29953041958623,5.12998971756858,13.0484116833876,18.7118124924367,112.087558899962,1.68933774138466,110.922222222222,112.094444444444,109.105555555556,110.688888888889,1.81666666666667,1.4,0.584666666666667,1.88611111111111,17.6944444444444,0.268611111111111,0.768833333333333,0.515666666666667,13.6875555555556,13.8444444444444,0.541111111111111,0.572944444444444,1,0.198277777777778,99.9722222222222,98.7222222222222,82.2694444444445,98.8333333333333,0.509888888888889,10,8,0.555555555555556,1,0,1,1,2,0,41.2591214179209,89.2265228799445,0.461833333333333,14.1842608777464,39.3723920432442,0.359,15.3850551863744,19.4227508595318,0.787333333333333,10.5400611086822,35.5559634196621,46.0960245283443,24.0977798299939,8.29953041958623,5.12998971756858,13.0484116833876,18.7118124924367,112.087558899962,1.68933774138466,110.922222222222,112.094444444444,109.105555555556,110.688888888889,1.81666666666667,1.4,0.584666666666667,1.88611111111111,17.6944444444444,0.268611111111111,0.768833333333333,0.515666666666667,13.6875555555556,13.8444444444444,0.541111111111111,0.572944444444444,1,0.198277777777778,99.9722222222222,98.7222222222222,82.2694444444445,98.8333333333333,0.509888888888889,10,8,0.555555555555556,1,0,1,1,2,0,40.0407165927601,89.5296469957375,0.449111111111111,11.6954532686216,35.3583950759875,0.331944444444444,16.5737317265489,21.6169373751696,0.764388888888889,10.1872146270406,34.5021944247177,44.6894090517583,22.1366328085148,7.10123070530132,4.65918472625221,13.562346227983,19.4280640384847,108.350618180691,-2.48649346000845,105.344444444444,108.355555555556,108.494444444444,110.411111111111,-3.16666666666667,-2.05555555555556,0.551,1.70722222222222,16.3277777777778,0.271888888888889,0.689333333333333,0.485388888888889,13.7561666666667,14.2,0.514611111111111,0.5495,1,0.198388888888889,102.362222222222,99.9166666666667,83.2633333333333,99.7222222222222,0.481388888888889,6,12,0.333333333333333,0,0,0,2,2,1,0.554589488941417
